-- phpMyAdmin SQL Dump
-- version 5.1.1
-- https://www.phpmyadmin.net/
--
-- Host: 127.0.0.1:3306
-- Generation Time: Nov 13, 2021 at 10:08 AM
-- Server version: 10.5.12-MariaDB-cll-lve
-- PHP Version: 7.2.34

SET SQL_MODE = "NO_AUTO_VALUE_ON_ZERO";
START TRANSACTION;
SET time_zone = "+00:00";


/*!40101 SET @OLD_CHARACTER_SET_CLIENT=@@CHARACTER_SET_CLIENT */;
/*!40101 SET @OLD_CHARACTER_SET_RESULTS=@@CHARACTER_SET_RESULTS */;
/*!40101 SET @OLD_COLLATION_CONNECTION=@@COLLATION_CONNECTION */;
/*!40101 SET NAMES utf8mb4 */;

--
-- Database: `u303654022_app`
--

-- --------------------------------------------------------

--
-- Table structure for table `accounts`
--

CREATE TABLE `accounts` (
  `user_id` int(11) NOT NULL,
  `user_fullname` varchar(1000) DEFAULT NULL,
  `user_name` varchar(1000) DEFAULT NULL,
  `user_number` varchar(1000) DEFAULT NULL,
  `user_email` varchar(1000) DEFAULT NULL,
  `user_pwd` varchar(1000) DEFAULT NULL,
  `user_country` varchar(1000) DEFAULT NULL,
  `user_hoursperday` varchar(1000) DEFAULT NULL,
  `user_reg_date` varchar(1000) DEFAULT NULL,
  `user_update_date` varchar(1000) DEFAULT NULL,
  `user_isActive` varchar(1000) DEFAULT NULL,
  `user_update_time` varchar(1000) DEFAULT NULL,
  `portfolio_link` varchar(1000) DEFAULT NULL,
  `role` varchar(1000) DEFAULT NULL,
  `amountprivacy` varchar(1000) DEFAULT NULL,
  `created_date` timestamp(6) NOT NULL DEFAULT current_timestamp(6) ON UPDATE current_timestamp(6),
  `user_type` varchar(255) NOT NULL
) ENGINE=InnoDB DEFAULT CHARSET=utf8mb4;

--
-- Dumping data for table `accounts`
--

INSERT INTO `accounts` (`user_id`, `user_fullname`, `user_name`, `user_number`, `user_email`, `user_pwd`, `user_country`, `user_hoursperday`, `user_reg_date`, `user_update_date`, `user_isActive`, `user_update_time`, `portfolio_link`, `role`, `amountprivacy`, `created_date`, `user_type`) VALUES
(1, 'Prashant', 'Prashant_Marthak', '03231389030', 'admin@gmail.com', 'admin', 'Azerbaijan', '24', NULL, '21-09-2021', 'active', '01:46:33', '', '1', 'on', '2021-10-29 11:47:59.421819', ''),
(27, 'Prashant Marthak', 'Prashant', '9904181186', 'marthak.prashant@gmail.com', '123456', 'India', '', '21-09-2021', '21-09-2021', 'active', '01:19:03', '', '3', '', '2021-10-29 11:47:59.421819', ''),
(28, 'Rushabh Marthak', 'Zig_Management', '919510899599', 'zigstudio3d@gmail.com', '123456', '', '', '21-09-2021', '21-09-2021', 'active', '01:44:34', '', '2', 'on', '2021-10-29 11:47:59.421819', ''),
(29, 'Pedro', 'Pedro_C', '1', 'pedrocastillo.lapaz@gmail.com', 'pedro_1', 'United States', '', '21-09-2021', '21-09-2021', 'active', '01:57:50', '', '3', '', '2021-10-29 11:47:59.421819', ''),
(30, 'Luis', 'Luis_f', '1', 'luisfs2@hotmail.com', 'luis_f', 'United States', '', '21-09-2021', '21-09-2021', 'active', '02:03:28', '', '3', '', '2021-10-29 11:47:59.421819', ''),
(31, 'Hesham', 'Hesham_3D', '1', 'Hesh@gmail.com', 'hesham_3d', 'Afghanistan', '', '21-09-2021', '21-09-2021', 'active', '02:35:35', '', '3', '', '2021-10-29 11:47:59.421819', ''),
(32, 'Amit Khethani', 'amit_k', '1', 'zigsanimation@gmail.com', 'amit_k', 'India', '', '21-09-2021', '21-09-2021', 'active', '02:39:01', '', '3', '', '2021-10-29 11:47:59.421819', ''),
(33, 'Tim', 'tim_savage', '1', 'tim@gmail.com', 'tim_savage', 'Egypt', '', '21-09-2021', '21-09-2021', 'active', '02:41:33', '', '3', '', '2021-10-29 11:47:59.421819', ''),
(34, 'prasanth', 'prasanth_3d', '1', '1@gmail.com', 'prasanth_3d', 'India', '', '21-09-2021', '21-09-2021', 'active', '02:43:19', '', '3', '', '2021-10-29 11:47:59.421819', ''),
(35, 'arvind', 'arvind_3d', '1', '1@gmail.com', 'arvind_3d', 'India', '', '21-09-2021', '21-09-2021', 'active', '02:45:55', '', '3', '', '2021-10-29 11:47:59.421819', ''),
(36, 'marcos', 'marcos_3d', '1', '11@gmail.com', 'marcos_3d', 'Thailand', '', '21-09-2021', '21-09-2021', 'active', '02:48:49', '', '3', '', '2021-10-29 11:47:59.421819', ''),
(37, 'Maykon Gomes', 'maykon_g', '12', '123@gmail.com', 'maykon_g', 'Egypt', '', '21-09-2021', '21-09-2021', 'active', '02:51:31', '', '3', '', '2021-10-29 11:47:59.421819', ''),
(38, 'Adamz', 'adamz_3d', '123', '456@gmail.com', 'adamz_3d', 'India', '', '21-09-2021', '21-09-2021', 'active', '02:53:16', '', '3', '', '2021-10-29 11:47:59.421819', ''),
(39, 'Waljo', 'waljo_3d', '1', '123123@gmail.com', 'waljo_3d', 'Brazil', '', '21-09-2021', '21-09-2021', 'active', '10:29:46', '', '3', '', '2021-10-29 11:47:59.421819', ''),
(40, 'Nazim Hussain', 'nazim_3d', '90', 'zigteam@gmail.com', 'nazim_3d', 'India', '', '23-09-2021', '23-09-2021', 'active', '05:57:53', '', '3', '', '2021-10-29 11:47:59.421819', ''),
(41, 'Waljo_2', 'Waljo_2', '45', '45@gmail.com', 'Waljo_2', 'Brazil', '', '24-09-2021', '24-09-2021', 'active', '11:10:27', '', '3', '', '2021-10-29 11:47:59.421819', ''),
(42, 'waljo_3', 'waljo_3', '4589', '4589@gmail.com', 'waljo_3', 'Brazil', '', '24-09-2021', '24-09-2021', 'active', '11:10:53', '', '3', '', '2021-10-29 11:47:59.421819', ''),
(43, 'waljo_4', 'waljo_4', '4587', 'waljo_4@gmail.com', 'waljo_4', 'Brazil', '', '24-09-2021', '24-09-2021', 'active', '11:11:29', '', '3', '', '2021-10-29 11:47:59.421819', ''),
(44, 'Prasanth_Artist_2', 'prasanth_artist_2', '23', '234@gmail.com', 'prasanth_artist_2', 'India', '', '12-10-2021', '12-10-2021', 'active', '10:27:52', '', '3', '', '2021-10-29 11:47:59.421819', ''),
(46, 'Paras', 'Hirani', '9033884959', 'parashirani55@gmail.com', '123456', 'India', '9', '28-10-2021', '28-10-2021', 'active', '03:25:10', 'http://elite-infotech.co.in/', '3', 'on', '2021-10-29 11:47:59.421819', ''),
(47, 'test', 'test', '1235678', 'test@gmail.com', '12345', '', '', '29-10-2021', '29-10-2021', 'active', '05:14:03', '', '2', 'on', '2021-10-29 11:47:59.421819', ''),
(48, 'demo', 'demo', '123456789', 'demo@gmail.com', '123456', 'India', '12', '29-10-2021', '29-10-2021', 'active', '07:17:36', 'htttps://xyz.com', '3', '', '2021-10-29 13:47:36.184281', ''),
(49, 'test123', 'test123', '654274920', 'test123@gmail.com', 'test', '', '', '30-10-2021', '30-10-2021', 'active', '12:47:07', '', '2', 'on', '2021-10-30 07:17:07.498136', '');

-- --------------------------------------------------------

--
-- Table structure for table `forgot`
--

CREATE TABLE `forgot` (
  `id` int(11) NOT NULL,
  `user_id` varchar(1000) DEFAULT NULL,
  `code` varchar(1000) DEFAULT NULL,
  `date` varchar(1000) DEFAULT NULL,
  `time` varchar(1000) DEFAULT NULL
) ENGINE=InnoDB DEFAULT CHARSET=utf8mb4;

-- --------------------------------------------------------

--
-- Table structure for table `orders`
--

CREATE TABLE `orders` (
  `id` int(11) NOT NULL,
  `project_id` varchar(1000) DEFAULT NULL,
  `user_id` varchar(1000) DEFAULT NULL,
  `date` varchar(1000) DEFAULT NULL,
  `time` varchar(1000) DEFAULT NULL,
  `status` varchar(1000) DEFAULT NULL,
  `donedate` varchar(1000) DEFAULT NULL
) ENGINE=InnoDB DEFAULT CHARSET=utf8mb4;

--
-- Dumping data for table `orders`
--

INSERT INTO `orders` (`id`, `project_id`, `user_id`, `date`, `time`, `status`, `donedate`) VALUES
(1, '1', '27', '', '', '3', '21-09-2021'),
(2, '5', '36', '', '', '3', '01-10-2021'),
(3, '6', '33', '', '', '3', '27-09-2021'),
(4, '2', '30', '', '', '3', '27-09-2021'),
(5, '4', '32', '', '', '3', '24-09-2021'),
(6, '3', '31', '', '', '3', '29-09-2021'),
(7, '8', '32', '', '', '3', '20-10-2021'),
(8, '9', '29', '', '', '3', '23-09-2021'),
(9, '7', '', '21-09-2021', '11:44:48 pm', '1', NULL),
(10, '12', '36', '', '', '3', '01-10-2021'),
(11, '10', '30', '', '', '3', '25-09-2021'),
(12, '11', '38', '', '', '3', '27-09-2021'),
(13, '13', '39', '', '', '3', '25-09-2021'),
(14, '14', '29', '', '', '3', '28-09-2021'),
(15, '16', '30', '', '', '3', '25-09-2021'),
(16, '17', '37', '', '', '3', '29-09-2021'),
(17, '15', '33', '', '', '3', '28-09-2021'),
(18, '19', '30', '', '', '3', '02-10-2021'),
(19, '18', '32', '', '', '3', '18-10-2021'),
(20, '20', '40', '', '', '3', '26-10-2021'),
(21, '21', '29', '', '', '3', '28-09-2021'),
(22, '29', '29', '', '', '3', '07-10-2021'),
(23, '26', '32', '', '', '3', '18-10-2021'),
(24, '28', '40', '', '', '3', '26-10-2021'),
(25, '25', '29', '', '', '3', '25-09-2021'),
(26, '31', '36', '', '', '3', '01-10-2021'),
(27, '32', '39', '', '', '3', '27-09-2021'),
(28, '37', '41', '27-10-2021', '01:07:36 am', '6', NULL),
(29, '36', '42', '', '', '3', '02-10-2021'),
(30, '33', '29', '', '', '3', '25-09-2021'),
(31, '38', '32', '', '', '3', '18-10-2021'),
(32, '39', '37', '', '', '4', NULL),
(33, '23', '31', '', '', '4', NULL),
(34, '41', '43', '27-10-2021', '04:46:12 am', '6', NULL),
(35, '43', '29', '', '', '3', '30-09-2021'),
(36, '47', '36', '', '', '3', '01-10-2021'),
(37, '45', '39', '', '', '3', '26-10-2021'),
(38, '46', '29', '', '', '3', '30-09-2021'),
(39, '44', '40', '', '', '4', NULL),
(40, '42', '30', '', '', '3', '29-09-2021'),
(41, '48', '30', '', '', '3', '08-10-2021'),
(42, '27', '30', '', '', '3', '02-10-2021'),
(43, '30', '32', '', '', '3', '18-10-2021'),
(44, '49', '38', '', '', '3', '05-10-2021'),
(45, '40', '34', '', '', '3', '08-10-2021'),
(46, '50', '29', '', '', '3', '30-09-2021'),
(47, '51', '41', '', '', '3', '04-10-2021'),
(48, '52', '42', '', '', '3', '02-10-2021'),
(49, '24', '29', '', '', '3', '03-10-2021'),
(50, '34', '29', '', '', '4', NULL),
(51, '54', '30', '', '', '3', '29-09-2021'),
(52, '53', '29', '', '', '3', '30-09-2021'),
(53, '22', '30', '', '', '4', NULL),
(54, '56', '37', '', '', '3', '01-10-2021'),
(55, '55', '36', '', '', '3', '01-10-2021'),
(56, '57', '33', '', '', '7', NULL),
(57, '58', '29', '', '', '3', '07-10-2021'),
(58, '59', '29', '', '', '3', '02-10-2021'),
(59, '60', '32', '', '', '3', '18-10-2021'),
(60, '61', '31', '', '', '3', '07-10-2021'),
(61, '62', '37', '', '', '3', '07-10-2021'),
(62, '64', '36', '', '', '3', '02-10-2021'),
(63, '63', '29', '', '', '3', '30-09-2021'),
(64, '65', '29', '', '', '3', '11-10-2021'),
(65, '66', '30', '26-10-2021', '09:42:55 pm', '6', NULL),
(66, '68', '29', '', '', '3', '07-10-2021'),
(67, '67', '32', '', '', '3', '18-10-2021'),
(68, '69', '34', '', '', '3', '08-10-2021'),
(69, '70', '42', '', '', '3', '03-10-2021'),
(70, '71', '36', '', '', '3', '28-10-2021'),
(71, '35', '30', '', '', '3', '17-10-2021'),
(72, '72', '41', '08-10-2021', '09:16:00 pm', '6', NULL),
(73, '73', '34', '', '', '3', '24-10-2021'),
(74, '74', '35', '', '', '7', NULL),
(75, '75', '29', '', '', '3', '07-10-2021'),
(76, '76', '38', '', '', '3', '15-10-2021'),
(77, '79', '29', '', '', '3', '06-10-2021'),
(78, '80', '36', '', '', '3', '28-10-2021'),
(79, '81', '31', '', '', '3', '11-10-2021'),
(80, '82', '32', '', '', '3', '18-10-2021'),
(81, '84', '32', '', '', '4', NULL),
(82, '83', '32', '', '', '3', '18-10-2021'),
(83, '85', '32', '', '', '4', NULL),
(84, '87', '37', '', '', '3', '19-10-2021'),
(85, '86', '36', '', '', '4', NULL),
(86, '89', '43', '', '', '3', '20-10-2021'),
(87, '92', '29', '', '', '3', '21-10-2021'),
(88, '94', '37', '', '', '3', '10-10-2021'),
(89, '93', '29', '', '', '3', '12-10-2021'),
(90, '90', '34', '', '', '3', '10-10-2021'),
(91, '99', '37', '', '', '3', '20-10-2021'),
(92, '100', '38', '', '', '3', '19-10-2021'),
(93, '98', '27', '', '', '3', '08-10-2021'),
(94, '97', '36', '', '', '3', '28-10-2021'),
(95, '103', '29', '', '', '3', '13-10-2021'),
(96, '102', '32', '', '', '4', NULL),
(97, '88', '31', '', '', '3', '14-10-2021'),
(98, '91', '34', '', '', '4', NULL),
(99, '101', '32', '', '', '3', '21-10-2021'),
(100, '104', '42', '', '', '3', '21-10-2021'),
(101, '77', '35', '', '', '7', NULL),
(102, '105', '27', '', '', '3', '10-10-2021'),
(103, '107', '32', '', '', '3', '18-10-2021'),
(104, '110', '32', '', '', '3', '18-10-2021'),
(105, '106', '32', '', '', '3', '18-10-2021'),
(106, '113', '29', '', '', '3', '18-10-2021'),
(107, '112', '29', '', '', '3', '25-10-2021'),
(108, '117', '29', '', '', '3', '11-10-2021'),
(109, '116', '29', '', '', '3', '16-10-2021'),
(110, '115', '36', '', '', '3', '28-10-2021'),
(111, '120', '27', '', '', '3', '13-10-2021'),
(112, '119', '29', '', '', '3', '13-10-2021'),
(113, '108', '30', '', '', '3', '19-10-2021'),
(114, '122', '36', '', '', '3', '28-10-2021'),
(115, '95', '29', '', '', '3', '15-10-2021'),
(116, '124', '29', '', '', '4', NULL),
(117, '134', '31', '24-10-2021', '05:30:32 am', '6', NULL),
(118, '126', '36', '', '', '3', '28-10-2021'),
(119, '135', '29', '', '', '3', '16-10-2021'),
(120, '118', '37', '', '', '3', '19-10-2021'),
(121, '109', '30', '', '', '3', '19-10-2021'),
(122, '78', '30', '', '', '3', '27-10-2021'),
(123, '127', '37', '', '', '3', '18-10-2021'),
(124, '136', '34', '', '', '3', '27-10-2021'),
(125, '114', '27', '', '', '7', NULL),
(126, '137', '37', '', '', '3', '26-10-2021'),
(127, '125', '36', '', '', '3', '28-10-2021'),
(128, '129', '31', '25-10-2021', '11:38:19 pm', '6', NULL),
(129, '128', '32', '', '', '3', '18-10-2021'),
(130, '132', '34', '', '', '3', '21-10-2021'),
(131, '131', '29', '', '', '4', NULL),
(132, '130', '29', '', '', '3', '21-10-2021'),
(133, '123', '36', '', '', '4', NULL),
(134, '145', '30', '', '', '3', '21-10-2021'),
(135, '144', '29', '', '', '3', '25-10-2021'),
(136, '150', '33', '', '', '3', '25-10-2021'),
(137, '143', '38', '', '', '3', '27-10-2021'),
(138, '149', '32', '', '', '3', '18-10-2021'),
(139, '148', '32', '', '', '3', '25-10-2021'),
(140, '147', '32', '', '', '3', '25-10-2021'),
(141, '141', '34', '', '', '3', '25-10-2021'),
(142, '139', '37', '', '', '3', '18-10-2021'),
(143, '142', '34', '', '', '3', '25-10-2021'),
(144, '140', '44', '', '', '3', '24-10-2021'),
(145, '152', '40', '', '', '3', '26-10-2021'),
(146, '151', '32', '', '', '3', '18-10-2021'),
(147, '153', '27', '', '', '7', NULL),
(148, '154', '35', '', '', '7', NULL),
(149, '160', '29', '', '', '4', NULL),
(150, '157', '36', '', '', '3', '28-10-2021'),
(151, '146', '32', '', '', '3', '25-10-2021'),
(152, '111', '37', '', '', '3', '21-10-2021'),
(153, '133', '37', '', '', '3', '27-10-2021'),
(154, '163', '34', '', '', '4', NULL),
(155, '162', '36', '', '', '3', '26-10-2021'),
(156, '96', '29', '', '', '3', '21-10-2021'),
(157, '138', '34', '', '', '3', '25-10-2021'),
(158, '156', '35', '2021-10-21', '07:07:52 pm', '1', NULL),
(159, '168', '40', '', '', '7', NULL),
(160, '167', '44', '', '', '3', '27-10-2021'),
(161, '169', '32', '', '', '4', NULL),
(162, '164', '31', '2021-10-22', '04:06:00 pm', '1', NULL),
(163, '171', '30', '', '', '3', '26-10-2021'),
(164, '172', '32', '', '', '4', NULL),
(165, '166', '30', '', '', '4', NULL),
(166, '170', '34', '', '', '3', '24-10-2021'),
(167, '165', '32', '', '', '4', NULL),
(168, '173', '37', '27-10-2021', '04:42:09 pm', '6', NULL),
(169, '155', '34', '', '', '4', NULL),
(170, '181', '40', '', '', '4', NULL),
(171, '180', '44', '', '', '4', NULL),
(172, '179', '44', '27-10-2021', '04:52:46 pm', '6', NULL),
(173, '177', '33', '2021-10-26', '07:26:45 pm', '1', NULL),
(174, '161', '36', '', '', '4', NULL),
(175, '184', '32', '', '', '4', NULL),
(176, '176', '32', '', '', '4', NULL),
(177, '183', '32', '', '', '3', '28-10-2021'),
(178, '175', '44', '', '', '3', '27-10-2021'),
(179, '178', '30', '26-10-2021', '01:57:08 am', '1', NULL),
(180, '121', '27', '', '', '3', '26-10-2021'),
(181, '186', '36', '', '', '4', NULL),
(182, '188', '37', '27-10-2021', '04:33:11 pm', '6', NULL),
(183, '187', '32', '', '', '4', NULL),
(184, '185', '44', '27-10-2021', '12:23:43 pm', '1', NULL),
(185, '190', '36', '28-10-2021', '04:02:14 am', '1', NULL),
(186, '191', '32', '28-10-2021', '08:57:51 am', '1', NULL),
(187, '189', '34', '28-10-2021', '02:05:04 pm', '1', NULL);

-- --------------------------------------------------------

--
-- Table structure for table `payment`
--

CREATE TABLE `payment` (
  `id` int(11) NOT NULL,
  `user_id` varchar(1000) DEFAULT NULL,
  `amount` varchar(1000) DEFAULT NULL,
  `status` varchar(1000) DEFAULT NULL,
  `time` varchar(1000) DEFAULT NULL,
  `date` varchar(1000) DEFAULT NULL,
  `type` varchar(255) NOT NULL,
  `created_date` timestamp(6) NOT NULL DEFAULT current_timestamp(6) ON UPDATE current_timestamp(6)
) ENGINE=InnoDB DEFAULT CHARSET=utf8mb4;

--
-- Dumping data for table `payment`
--

INSERT INTO `payment` (`id`, `user_id`, `amount`, `status`, `time`, `date`, `type`, `created_date`) VALUES
(1, '31', '90', '0', '03:12:31', '20-10-2021', 'payment', '2021-11-01 12:34:40.640363');

-- --------------------------------------------------------

--
-- Table structure for table `projectchat`
--

CREATE TABLE `projectchat` (
  `id` int(11) NOT NULL,
  `project_id` varchar(1000) DEFAULT NULL,
  `sendby` varchar(1000) DEFAULT NULL,
  `description` varchar(1000) DEFAULT NULL,
  `image` varchar(1000) DEFAULT NULL,
  `seen` varchar(1000) DEFAULT NULL
) ENGINE=InnoDB DEFAULT CHARSET=utf8mb4;

--
-- Dumping data for table `projectchat`
--

INSERT INTO `projectchat` (`id`, `project_id`, `sendby`, `description`, `image`, `seen`) VALUES
(1, '1', '27', 'This is where the mockup will come', '510DD70CEF7-1C82-4B07-8BEA-7C967B9F9F7E.jpeg', '1'),
(2, '1', '1', 'Attached are the revisions, \nPriority project', '1047CC96FCF-4FDA-46EA-AE28-D856A162F332.jpeg', '1'),
(3, '1', '27', 'Hey, Here are the revisions completed, Let me know if anything still require ', '4902C9507E5-3029-444E-BF66-ECE9F61FBB07.jpeg', '1'),
(4, '', '32', '', '', '0'),
(5, '4', '32', '', '76001.jpg', '1'),
(6, '4', '32', '', '86202.jpg', '1'),
(7, '4', '28', '', '767242370768_6001817456555743_2299031613558466717_n.jpg', '1'),
(8, '4', '28', '', '641242389116_615551412771350_7128062044603004646_n.jpg', '1'),
(9, '4', '28', 'Remove the mouth lines\n-Fix the hair pic\n-Plump up cheeks/mouth area\n', '557-Plump up cheeks..mouth area.jpg', '1'),
(10, '', '29', '', '', '0'),
(11, '5', '36', '', '2715.jpg', '1'),
(12, '5', '36', '', '2954.jpg', '1'),
(13, '2', '30', '', '1003.jpg', '1'),
(14, '2', '30', '', '7515.jpg', '1'),
(15, '2', '30', '', '8571.jpg', '1'),
(16, '2', '30', '', '6911.jpg', '1'),
(17, '2', '30', '', '8222.jpg', '1'),
(18, '2', '30', '', '2924.jpg', '1'),
(19, '', '32', '', '', '0'),
(20, '9', '29', '', '6301.jpg', '1'),
(21, '', '32', '', '', '0'),
(22, '4', '32', '', '49001.jpg', '1'),
(23, '4', '32', '', '63302.jpg', '1'),
(24, '4', '32', '', '65802.jpg', '1'),
(25, '9', '29', '', '4012.jpg', '1'),
(26, '9', '29', '', '5553.jpg', '1'),
(27, '2', '28', 'https://drive.google.com/file/d/1kJDcNHWnj-vjLwwJkKcLMP7W4ZKgB8Rp/view?usp=sharing\n\nCan you put this base on this one?', '', '1'),
(28, '5', '36', '', '7401.jpg', '1'),
(29, '5', '36', '', '5372.jpg', '1'),
(30, '5', '36', '', '1786.jpg', '1'),
(31, '5', '36', '', '8723.jpg', '1'),
(32, '5', '36', '', '694sbase3.jpg', '1'),
(33, '5', '36', '', '142sbase2.jpg', '1'),
(34, '5', '36', '', '698sbase1.jpg', '1'),
(35, '5', '36', '', '321BPR_Composite3.jpg', '1'),
(36, '5', '36', '', '640BPR_Composite1.jpg', '1'),
(37, '5', '36', 'Without base', '689BPR_Composite.jpg', '1'),
(38, '5', '36', '', '147sbase1.jpg', '1'),
(39, '5', '36', '', '566BPR_Composite.jpg', '1'),
(40, '2', '30', '', '8191.jpg', '1'),
(41, '2', '30', '', '5142.jpg', '1'),
(42, '2', '30', '', '6243.jpg', '1'),
(43, '2', '30', '', '8024.jpg', '1'),
(44, '2', '30', '', '2175.jpg', '1'),
(45, '4', '28', 'I’m very sorry for the late response this is MUCH better! All I ask now is the nose be brought down(closer to the mouth) just a small bit. Then we are good to go.', '', '1'),
(46, '10', '30', '', '5181.jpg', '1'),
(47, '10', '30', '', '2392.jpg', '1'),
(48, '10', '30', '', '6453.jpg', '1'),
(49, '10', '30', '', '5104.jpg', '1'),
(50, '10', '30', '', '6355.jpg', '1'),
(51, '5', '28', 'Revisions', '690Scan.jpeg', '1'),
(52, '6', '33', '', '169Screenshot_1.jpg', '1'),
(53, '6', '33', 'Hello. let me know if i got the idea wrong and you want white parts become hollow instead of extruded.', '457Screenshot_1.jpg', '1'),
(54, '16', '30', '', '5851.jpg', '1'),
(55, '16', '30', '', '6152.jpg', '1'),
(56, '16', '30', '', '5913.jpg', '1'),
(57, '16', '30', '', '4784.jpg', '1'),
(58, '16', '30', '', '7315.jpg', '1'),
(59, '4', '32', '', '56001.jpg', '1'),
(60, '8', '32', '', '43602.jpg', '1'),
(61, '8', '32', '', '44701.jpg', '1'),
(62, '6', '28', 'It looks good maybe if possible center everything a bit more\n', '', '1'),
(63, '2', '28', 'My only thought is to lose the helmet strap. It seems to take away from the figure. \nOne last thing! The gun barrels should be thicker as well.\n', '', '1'),
(64, '8', '28', '', '378242536440_397630365107733_8933744095683871887_n.jpg', '1'),
(65, '8', '28', '', '649242553315_144837227853649_5264189398588699727_n.jpg', '1'),
(66, '8', '28', '', '730242342938_569835850900784_3346870350083829850_n.jpg', '1'),
(67, '8', '28', '', '202242715752_221315856687634_6976273812340654079_n.jpg', '1'),
(68, '8', '28', '', '363Untitled.png', '1'),
(69, '8', '28', 'revisions info attached in the pdf', '477Kazuo_toon.pdf', '1'),
(70, '20', '40', 'check', '1981.jpg', '1'),
(71, '14', '29', '', '5571.jpg', '1'),
(72, '14', '29', '', '6752.jpg', '1'),
(73, '14', '29', '', '2443.jpg', '1'),
(74, '14', '28', 'Just hands', '', '1'),
(75, '14', '29', '', '855R1.jpg', '1'),
(76, '14', '29', '', '715R2.jpg', '1'),
(77, '21', '29', '', '3961.jpg', '1'),
(78, '21', '29', '', '3242.jpg', '1'),
(79, '12', '36', '', '1661.jpg', '1'),
(80, '12', '36', '', '10814.jpg', '1'),
(81, '12', '36', '', '20612.jpg', '1'),
(82, '12', '36', '', '77416.jpg', '1'),
(83, '12', '36', '', '47113.jpg', '1'),
(84, '12', '36', '', '44215.jpg', '1'),
(85, '12', '36', '', '73719.jpg', '1'),
(86, '12', '36', '', '16017.jpg', '1'),
(87, '12', '36', '', '68618.jpg', '1'),
(88, '5', '36', 'Corrections', '645x.jpg', '1'),
(89, '5', '36', '', '873x1.jpg', '1'),
(90, '5', '36', '', '359x4.jpg', '1'),
(91, '5', '36', '', '780x2.jpg', '1'),
(92, '5', '36', '', '127x5.jpg', '1'),
(93, '18', '32', '', '224Work in Progress.jpg', '1'),
(94, '8', '32', '', '400Work in Progress.jpg', '1'),
(95, '29', '29', '', '4731.jpg', '1'),
(96, '29', '29', '', '2112.jpg', '1'),
(97, '20', '28', 'This is not a GOOD quality! \nYou should work with Quality content, And look out on all the aspects, Such work if we deliver to customer they won\'t like it!', '', '1'),
(98, '18', '32', '', '52701.jpg', '1'),
(99, '18', '32', '', '20603.jpg', '1'),
(100, '18', '32', '', '71302.jpg', '1'),
(101, '20', '40', 'updated one', '6252.jpg', '1'),
(102, '6', '33', '', '711Centered.jpg', '1'),
(103, '13', '39', 'jpe images', '5401.jpg', '1'),
(104, '13', '39', '', '6173.jpg', '1'),
(105, '13', '39', '', '6172.jpg', '1'),
(106, '13', '39', '', '7664.jpg', '1'),
(107, '13', '39', 'no material renders', '8865.jpg', '1'),
(108, '13', '39', '', '6536.jpg', '1'),
(109, '11', '38', 'Here zpr file of skeleton', '', '1'),
(110, '8', '28', 'Thai jai etle mokli dejo', '', '1'),
(111, '19', '30', '', '7911.jpg', '1'),
(112, '19', '30', '', '6942.jpg', '1'),
(113, '19', '30', '', '5073.jpg', '1'),
(114, '19', '30', '', '3014.jpg', '1'),
(115, '19', '30', '', '3235.jpg', '1'),
(116, '19', '30', '', '7606.jpg', '1'),
(117, '11', '28', 'Pls send render images from different angles attached as image', '', '1'),
(118, '6', '28', 'Can you send renders in different angles? ', '', '1'),
(119, '25', '29', '', '5131.jpg', '1'),
(120, '25', '29', '', '6592.jpg', '1'),
(121, '12', '28', 'So I have one real-life and one video game reference to how his pose should be adjusted to be better suited for a figure\n\nIt\'s essentially a more stalking pose\n\nLike his hand poses are fine it\'s more a hunched over stalk pose', '309242901980_4350085758361124_9080702093611141063_n.jpg', '1'),
(122, '12', '28', '', '770242623150_412191863661072_2523692672632503480_n.jpg', '1'),
(123, '14', '28', 'Can you add a base to the hand and show it\'d look in a way it stands when we print it? ', '', '1'),
(124, '21', '28', '', '327242712121_3040406509562779_7946537044907507087_n.jpg', '1'),
(125, '21', '28', '', '837242770437_888927622047802_5411201174339789465_n.jpg', '1'),
(126, '21', '28', '', '559242800008_111173781320042_2229666596125420452_n.jpg', '1'),
(127, '21', '28', '', '748242757964_677107303680054_3095482563372396012_n.jpg', '1'),
(128, '21', '28', 'Revisions attached in pdf', '472Looking cool so far.pdf', '1'),
(129, '20', '28', '', '839242504120_1775962799260116_8404578187392218641_n.jpg', '1'),
(130, '20', '28', '', '518242850277_293688758849356_7268017712161565622_n.jpg', '1'),
(131, '20', '28', 'Revisions attached in a pdf', '359Cheeks need to be more rounded instead of going inward.pdf', '1'),
(132, '19', '28', 'Can the details that is in the 2D version be added to the 3D sculpture\n', '', '1'),
(133, '33', '29', '', '8931.jpg', '1'),
(134, '33', '29', '', '5531.jpg', '1'),
(135, '14', '29', '', '190R21.jpg', '1'),
(136, '32', '39', 'this is ready', '7731.jpg', '1'),
(137, '26', '32', '', '286Work in Progress.jpg', '1'),
(138, '8', '32', '', '787Work in Progress.jpg', '1'),
(139, '31', '36', '', '5744.jpg', '1'),
(140, '31', '36', '', '1223.jpg', '1'),
(141, '31', '36', '', '5711.jpg', '1'),
(142, '31', '36', '', '6292.jpg', '1'),
(143, '31', '36', '', '2372.jpg', '1'),
(144, '31', '36', '', '5301.jpg', '1'),
(145, '31', '36', '', '7153.jpg', '1'),
(146, '31', '36', '', '7904.jpg', '1'),
(147, '17', '37', '', '781stefanzor (2).png', '1'),
(148, '17', '37', '', '786stefanzor (3).png', '1'),
(149, '17', '37', '', '716stefanzor (5).png', '1'),
(150, '17', '37', 'Renders Model:', '518stefanzor (1).png', '1'),
(151, '17', '37', '', '883stefanzor (4).png', '1'),
(152, '33', '29', '', '3362.jpg', '1'),
(153, '33', '29', '', '4863.jpg', '1'),
(154, '3', '31', '', '708054.7z', '1'),
(155, '3', '31', '', '435054.7z', '1'),
(156, '32', '28', 'Send renders from different angles', '', '1'),
(157, '2', '30', '', '3252.jpg', '1'),
(158, '2', '30', '', '7861.jpg', '1'),
(159, '28', '40', 'check', '8984.jpg', '1'),
(160, '21', '29', '', '244r1.jpg', '1'),
(161, '21', '29', '', '552r2.jpg', '1'),
(162, '21', '29', '', '706r3.jpg', '1'),
(163, '32', '39', 'look the render.', '7621.jpg', '1'),
(164, '32', '39', '', '5532.jpg', '1'),
(165, '17', '28', 'Revisions attached ', '206stefanzor.pdf', '1'),
(166, '14', '28', 'Is there a way to just make them stand with the wrist\nThank you. Similar to the one you made for me\n', '425242713915_403098357877429_6694944965434773746_n.jpg', '1'),
(167, '21', '28', 'Revisions 25-9-2021', '', '1'),
(168, '21', '28', 'Revisions 25-9-2021', '823242774258_1773630133026899_4559783893307413075_n.jpg', '1'),
(169, '15', '33', '', '209Screenshot_7.jpg', '1'),
(170, '15', '33', '', '374Screenshot_10.jpg', '1'),
(171, '15', '33', '', '235Screenshot_8.jpg', '1'),
(172, '15', '33', '', '182Screenshot_9.jpg', '1'),
(173, '15', '33', '', '682Screenshot_1.jpg', '1'),
(174, '15', '33', '', '307Screenshot_6.jpg', '1'),
(175, '15', '33', '', '801Screenshot_5.jpg', '1'),
(176, '15', '33', '', '574Screenshot_4.jpg', '1'),
(177, '15', '33', '', '390Screenshot_3.jpg', '1'),
(178, '15', '33', '', '848Screenshot_2.jpg', '1'),
(179, '6', '33', '', '618futurama.246.jpg', '1'),
(180, '6', '33', '', '248futurama.247.jpg', '1'),
(181, '6', '33', '', '327futurama.248.jpg', '1'),
(182, '14', '29', '', '864r31.jpg', '1'),
(183, '21', '29', '', '436r21.jpg', '1'),
(184, '21', '29', '', '122r22.jpg', '1'),
(185, '12', '36', '', '451pose2.jpg', '1'),
(186, '12', '36', '', '265pose3.jpg', '1'),
(187, '12', '36', '', '556pose4.jpg', '1'),
(188, '12', '36', 'pose corrections', '476pose.jpg', '1'),
(189, '37', '41', 'Here are the attachments with the works ready to be reviewed.', '3851.jpg', '1'),
(190, '20', '40', '', '4743.jpg', '1'),
(191, '20', '40', '', '2643.jpg', '1'),
(192, '3', '28', 'HEAD:\nGreat work on the tilt of the head. Could we bulge the open eye and the eyebrow a little more and remove the eye veins.  Also simplify the teeth 2 make it only 3. \n\nMID AND UPPER TORSO:\nIs it possible to raise the torso, legs and buttocks more vertical. Is that possible, because it looks horizontal.\n\nHANDS: \nI appreciate the precision of anatomy with the hands but they need to simplified and made bigger. \n\nDETAILS:\nMore rips in the pants and shirt would be great. And socks are missing also. ', '', '1'),
(193, '37', '28', 'always send 4-5 renders from different angles.', '', '1'),
(194, '28', '28', 'What is approx. thickness? ', '', '1'),
(195, '43', '29', '', '3881.jpg', '1'),
(196, '28', '40', '1.3 inch', '', '1'),
(197, '11', '38', 'render of skeleton image', '651skeleton render.jpg', '1'),
(198, '37', '41', 'look the render.', '689render1.jpg', '1'),
(199, '15', '28', 'I just have one small change and then he’s good to go\nRight pupil looks smaller\n\nCan it be made the same size as the left', '360243200190_280605457214589_4447586740410153624_n.jpg', '1'),
(200, '14', '28', 'Can we do just arms\n\nNo clothing', '772242942823_1227642640996787_5124572780480880847_n.jpg', '1'),
(201, '37', '28', 'It’s looking awesome so far!\nThe only notes I’d have is to make the toes a little chubbier so they touch.\nSecondly is to make the circle bigger & the body smaller with sharper angles.\nI included a photo to reference the shape better.\nThe one on the right is what I’m after.', '194image0 (24).jpeg', '1'),
(202, '19', '30', '', '6327.jpg', '1'),
(203, '19', '30', '', '5668.jpg', '1'),
(204, '14', '29', '', '411r21.jpg', '1'),
(205, '42', '30', '', '5561.jpg', '1'),
(206, '42', '30', '', '8922.jpg', '1'),
(207, '42', '30', '', '2563.jpg', '1'),
(208, '42', '30', '', '1254.jpg', '1'),
(209, '48', '30', '', '4591.jpg', '1'),
(210, '48', '30', '', '8362.jpg', '1'),
(211, '27', '30', '', '4741.jpg', '1'),
(212, '27', '30', '', '2032.jpg', '1'),
(213, '27', '30', '', '1243.jpg', '1'),
(214, '27', '30', '', '6464.jpg', '1'),
(215, '27', '30', '', '8965.jpg', '1'),
(216, '17', '', '', '822ghostzachRENDER.8.png', '0'),
(217, '17', '', '', '683ghostzachRENDER.6.png', '0'),
(218, '17', '', '', '369ghostzachRENDER.9.png', '0'),
(219, '17', '', 'update 01\n', '859ghostzachRENDER.11.png', '0'),
(220, '17', '', '', '575ghostzachRENDER.10.png', '0'),
(221, '17', '', '', '197ghostzachRENDER.7.png', '0'),
(222, '17', '37', '', '813stefanzor (9).png', '1'),
(223, '17', '37', '', '219stefanzor (8).png', '1'),
(224, '17', '37', '', '197stefanzor (10).png', '1'),
(225, '17', '37', '', '625stefanzor (7).png', '1'),
(226, '17', '37', '', '366stefanzor (6).png', '1'),
(227, '17', '37', '', '302stefanzor (11).png', '1'),
(228, '38', '32', '', '260Work in Progress.jpg', '1'),
(229, '8', '32', '', '75902.jpg', '1'),
(230, '8', '32', '', '11601.jpg', '1'),
(231, '38', '32', '', '22102.jpg', '1'),
(232, '38', '32', '', '56801.jpg', '1'),
(233, '15', '33', 'made sure they are exact same size. it was a lot of fun working on this character. thank you!', '512eyesfixed.jpg', '1'),
(234, '43', '28', 'That is awesome, but, I wanted a statue, not a coin.  You can attach the light bulb head to the body somehow and thats okay.  Is that possible?\n\nThis is exactly what I was looking for.  I was trying to make one by hand.  This so much better\nOut of clay\nHe can stand on a base that is preferable\n', '158242820469_260454395966896_798005409629018852_n.jpg', '1'),
(235, '43', '28', '', '454242571930_934649680473835_3894244269138123792_n.jpg', '1'),
(236, '43', '28', '', '724242232842_383892023237736_1816876311025337351_n.jpg', '1'),
(237, '43', '28', '', '819242571930_934649680473835_3894244269138123792_n (1).jpg', '1'),
(238, '8', '28', '', '189243007227_1248888082205586_622425834144588110_n.jpg', '1'),
(239, '8', '28', '', '594243014726_863399994535744_1459053298862152026_n.jpg', '1'),
(240, '8', '28', '', '631243003510_923540675206301_2319947031163818732_n.jpg', '1'),
(241, '8', '28', '', '692243076202_2635774266568536_4000528631331150945_n.jpg', '1'),
(242, '8', '28', '', '160243540378_399496241556081_4424697125321456324_n.jpg', '1'),
(243, '8', '28', '', '642243011330_387430473076406_321799127328722513_n.jpg', '1'),
(244, '8', '28', '', '721242621317_998918174285374_7142176742604272644_n.jpg', '1'),
(245, '8', '28', '', '595243011423_2336177643182034_1984227789027677272_n.jpg', '1'),
(246, '8', '28', 'Revisions attached in PDF', '146Kazuo_toon2.pdf', '1'),
(247, '27', '28', 'If possible no gottie n remove the tattoo n piercing n only put inc. instead 🙏\n\nAnd can u add “EL GUMBITO” to the base', '', '1'),
(248, '38', '28', 'There are a few little changes if possible. \n1) move the arms back a little on the body and add a bit more elbow bend so the hands are closer to the stomach (I’m worried they might break off easier so far out) \n2) could you add some definition to the back? A little shoulder blade/lower back. \n3)could you add a bit of bend to the back as well? A bit of a dip in the lower back. \n\nAnd some shoe laces would really be awesome', '', '1'),
(249, '37', '41', 'follow the attachment with the updates', '435render2.jpg', '1'),
(250, '36', '42', 'follow the att of work', '880FIRE BOY.jpg', '1'),
(251, '46', '29', '', '8141.jpg', '1'),
(252, '47', '36', '', '6753.jpg', '1'),
(253, '47', '36', '', '686f3.jpg', '1'),
(254, '47', '36', '', '675f4.jpg', '1'),
(255, '47', '36', '', '3814.jpg', '1'),
(256, '47', '36', '', '285f2.jpg', '1'),
(257, '47', '36', '', '6745.jpg', '1'),
(258, '47', '36', '', '818f.jpg', '1'),
(259, '47', '36', '', '3061.jpg', '1'),
(260, '47', '36', '', '2762.jpg', '1'),
(261, '47', '36', '', '8686.jpg', '1'),
(262, '47', '36', '', '3361.jpg', '1'),
(263, '47', '36', '', '6152.jpg', '1'),
(264, '47', '36', '', '5804.jpg', '1'),
(265, '39', '37', '01 Model Renders: ', '333lavines3.16.png', '1'),
(266, '39', '37', '', '251lavines3.12.png', '1'),
(267, '39', '37', '', '360lavines3.13.png', '1'),
(268, '39', '37', '', '357lavines3.15.png', '1'),
(269, '39', '37', '', '427lavines3.14.png', '1'),
(270, '43', '29', '', '504r1.jpg', '1'),
(271, '27', '30', '', '8101.jpg', '1'),
(272, '50', '29', '', '2351.jpg', '1'),
(273, '50', '29', '', '3392.jpg', '1'),
(274, '24', '29', '', '6191.jpg', '1'),
(275, '24', '29', '', '7922.jpg', '1'),
(276, '34', '29', '', '211r1.jpg', '1'),
(277, '34', '29', '', '380r2.jpg', '1'),
(278, '24', '28', '', '896IMG_4418.jpg', '1'),
(279, '36', '28', '', '160FireBoy_AL.jpg', '1'),
(280, '36', '28', 'I have a couple changes, simple things.\n\nPlease add logos and make mouth deeper. (see attachment)\n', '566SC_logo.ai', '1'),
(281, '24', '29', '', '869ZBrush Document.jpg', '1'),
(282, '46', '29', 'Update face', '650r1.jpg', '1'),
(283, '54', '30', '', '4541.jpg', '1'),
(284, '54', '30', '', '4262.jpg', '1'),
(285, '54', '30', '', '2523.jpg', '1'),
(286, '54', '30', '', '6584.jpg', '1'),
(287, '38', '32', '', '78101.jpg', '1'),
(288, '38', '32', '', '58102.jpg', '1'),
(289, '46', '28', '', '203Untitled.png', '1'),
(290, '46', '28', '', '580image0 (25).jpeg', '1'),
(291, '17', '28', '', '621Untitled.png', '1'),
(292, '17', '28', 'Put #1 as shown in the picture', '592243376112_564165651305320_5299323533166322328_n.jpg', '1'),
(293, '43', '28', 'Only one small detail\nBoth legs should have a foot\nIs that possible\n', '791242571930_934649680473835_3894244269138123792_n (2).jpg', '1'),
(294, '27', '28', 'Better just need to remove the facial hair the gottie🙏', '', '1'),
(295, '45', '39', 'I was just finishing to deliver, and I want to know if the model is with depth or just a thin flat pendant.', '566Lion render2.jpg', '1'),
(296, '17', '37', 'done ', '424imagem_2021-09-28_105808.png', '1'),
(297, '47', '28', 'This looks awesome!\n\nAttached are a few minor changes\n\n1) can you round out the cheeks if possible a little bit below to eyes to make fuller and rounder?\n2) make the smile a little more straight across and less puckered\n3) make the fringe on the kilt a bit more squared and angular\n4) extend the lower half of the side cargo pockets a bit downwards\n5)make the shoes a bit bigger', '296image0 (4).jpeg', '1'),
(298, '45', '28', 'It has a depth, Make it like the reference and make it in good details, It will have a flat at backside', '', '1'),
(299, '34', '28', 'Space out and thin the eyebrows just a bit more and it’s good to go\nEverything else is spot on', '', '1'),
(300, '48', '28', 'Hey, Need to create some versions for this in order to take the approval, As we will be printing it, and we will require them to place somewhere. \n\n1st version - Create one version like the image (Curve and little depth so that it can sit after it\'s printed) \n\n2nd Version - Make a small base below \n\n3rd version - Make a small base at backside\n\n4th version - Create your own, imagine how we can put on the table after it\'s printed', '594243198466_921048961836196_3263060081980416571_n.jpeg', '1'),
(301, '50', '28', 'I need the eyes to remain my logo\n\nAnd for the mouth mass sale it look as if the figure is grinning on one side on the mouth\n\nOther than that it\'s nice ', '', '1'),
(302, '29', '28', 'Great! Can we made some edits?\n- shorten the snout \n- thicken antlers \n- make the hair more cartoonish (head and sides) \n- add in logo for the t shirt pocket area', '', '1'),
(303, '39', '28', 'Ear is missing \n\nRight side is an ear not hair', '798243241038_541231550272437_5395577248369707566_n.jpeg', '1'),
(304, '53', '29', '', '6241.jpg', '1'),
(305, '53', '29', '', '1422.jpg', '1'),
(306, '36', '42', 'Here are the changes you asked for :)', '772Sem Título-2.jpg', '1'),
(307, '46', '29', '', '273r1.jpg', '1'),
(308, '3', '31', 'revised 01', '396zxscren.jpg', '1'),
(309, '44', '40', '', '3861.jpg', '1'),
(310, '34', '29', '', '117R3.jpg', '1'),
(311, '50', '29', '', '180R1.jpg', '1'),
(312, '43', '29', '', '559R2.jpg', '1'),
(313, '29', '29', '', '789R1.jpg', '1'),
(314, '50', '28', 'pdf attached for revisions ', '584revisions...pdf', '1'),
(315, '39', '28', 'It’s missing an ear\nRight side is an ear not hair', '562243241038_541231550272437_5395577248369707566_n.jpg', '1'),
(316, '17', '28', 'I know you already showed it :)\n\nA bit more to the right\n\nPut it to the right pls\n', '614243363574_647554863076089_5188150886995046466_n.jpg', '1'),
(317, '19', '28', 'It’s more detail in the snake skin in the 2D picture than what the 3D image is showing\n\nCan you add details to the snake ', '', '1'),
(318, '50', '29', 'Cannot stamp date of production, because I don\'t know when will be produced', '185R2.jpg', '1'),
(319, '27', '30', '', '1031.jpg', '1'),
(320, '58', '29', '', '750R1.jpg', '1'),
(321, '58', '29', '', '533R2.jpg', '1'),
(322, '58', '29', '', '796R2.jpg', '1'),
(323, '58', '29', '', '167R3.jpg', '1'),
(324, '47', '36', '', '617full.jpg', '1'),
(325, '47', '36', '', '852square.jpg', '1'),
(326, '47', '36', 'revisions', '330chin.jpg', '1'),
(327, '47', '36', '', '377chin2.jpg', '1'),
(328, '47', '36', '', '611full.jpg', '1'),
(329, '47', '36', 'revisions', '423chin.jpg', '1'),
(330, '47', '36', '', '710square.jpg', '1'),
(331, '47', '36', '', '770chin2.jpg', '1'),
(332, '47', '36', '', '851full.jpg', '1'),
(333, '17', '37', 'update 02:', '279imagem_2021-09-28_214424.png', '1'),
(334, '39', '37', '', '269lavines3_RENDER03.png', '1'),
(335, '39', '37', '', '833lavines3_RENDER01.png', '1'),
(336, '39', '37', 'update 01', '548lavines3_RENDER02.png', '1'),
(337, '56', '37', '', '514vago_logo.3.png', '1'),
(338, '56', '37', '', '787vago_logo.2.png', '1'),
(339, '56', '37', '', '395vago_logo.1.png', '1'),
(340, '56', '37', 'Renders 01', '534vago_logo.4.png', '1'),
(341, '8', '32', '', '18502.jpg', '1'),
(342, '8', '32', '', '66201.jpg', '1'),
(343, '30', '32', '', '74601.jpg', '1'),
(344, '30', '32', '', '34202.jpg', '1'),
(345, '55', '36', '', '6143.jpg', '1'),
(346, '55', '36', 'the only way I found to make it look like the logo is by placing the dog and the other parts like that. If you want me to join it with a base, let me know', '3992.jpg', '1'),
(347, '55', '36', '', '349BPR_Composite.jpg', '1'),
(348, '55', '36', '', '1235.jpg', '1'),
(349, '55', '36', '', '15134.jpg', '1'),
(350, '55', '36', '', '2652.jpg', '1'),
(351, '55', '36', '', '67134.jpg', '1'),
(352, '55', '36', '', '6425.jpg', '1'),
(353, '55', '36', '', '330BPR_Composite.jpg', '1'),
(354, '53', '28', 'I\'m absolutely amazed how quickly you guys did this! Well done!\n\nIs it possible to make the following modifications? They\'re rather subtle, I know, so I hope it\'s not too much trouble.\nAdd a small dimple to the center of the chin.\nIncrease his cheekbones slightly.\nReduce the smile slightly. He\'s still smiling, but not as broadly.\nMake his eyebrows a little more defined.\nHe looks slightly cross-eyed here. Is it possible to slightly move the pupil of his right eye (the one with the monocle) a little closer to the center?\nNarrow the waistline a little, but the shoulders should stay exactly the same. The joke with this character is that he\'s a really skinny teenager, but his jacket has wide shoulder pads. :)', '', '1'),
(355, '44', '28', 'We cannot Accept such quality, \nCustomer is getting disappointed with this type of work, This is the poorest to poorest quality we have ever received <- This is what customer told us, If you cannot work with focus, and don\'t understand the aspects of what our company requires, Better stop on it! ', '', '1'),
(356, '23', '31', '', '256623242573430_458939275255065_8645308902823999761_n.jpg', '1'),
(357, '23', '28', 'have you finished working on this design? ', '', '1'),
(358, '23', '31', '', '842zchk.jpg', '1'),
(359, '23', '31', 'the files not uploading\n', '570zchk.jpg', '1'),
(360, '29', '28', 'Revisions 29-9-2021\n\nPlease tone down the fur on the sides so that it is just an engraving on the sides and not sticking out\n\nAntler tips should be more pointy\n\nAnd hair on top should be less bulky and more cartoonish\n\nAnd please bring up the t shirt logo and make the deer skull reflect the original drawing 1-1', '', '1'),
(361, '34', '28', 'I made some slight adjustments/edits on the last picture if that’s alright? Everything thing else is good, I just want to make the face look spot on.\n\nOrange - Thinner Eyebrows.\nGreen - Narrower Eyes.\nYellow - Rounder Face.\nBlue - Scar on the left cheek', '312243206286_244349174294648_7758249977768264541_n.jpg', '1'),
(362, '24', '28', 'I don’t think the gap between ears and nose is quite that big.\nhis jawline and nose are not quite right.', '', '1'),
(363, '58', '28', 'The final piece will need to shear against a wall flat but I’m really impressed with what you did with the back\nOn the final piece is there a way to leave a small hole in the back so it can be stuck on a wall?\n', '762243706562_2938989629749479_2707649723681067376_n.jpg', '1'),
(364, '23', '28', '', '329243568959_1696252040584773_2253369505398386490_n.jpg', '1'),
(365, '23', '28', '', '314243564921_605471160631733_3505235693134351823_n.jpg', '1'),
(366, '23', '28', '', '881243514912_1028439567931584_783224326851502520_n.jpg', '1'),
(367, '23', '28', '', '297243781610_570073061006311_811931467606168239_n.jpg', '1'),
(368, '23', '28', '', '336243321588_1225232031222743_1738708971959562134_n.jpg', '1'),
(369, '23', '28', '', '712243066292_120272867039181_8608426782214833210_n.jpg', '1'),
(370, '23', '28', '', '447243216270_374638160989201_4445012081795896169_n.jpg', '1'),
(371, '23', '28', '', '649243760819_387413652834090_563196411774149345_n.jpg', '1'),
(372, '23', '28', '', '831243315796_421502579317904_4109707291670005876_n.jpg', '1'),
(373, '23', '28', '', '100244020427_541308180265052_8124409307999787488_n.jpg', '1'),
(374, '23', '28', '', '741243578697_296238571925609_4601533047365355068_n.jpg', '1'),
(375, '23', '28', '', '568243275797_875264973189848_4908717888427849676_n.jpg', '1'),
(376, '59', '29', '', '544R1.jpg', '1'),
(377, '53', '29', '', '489R1.jpg', '1'),
(378, '44', '40', '', '3532.jpg', '1'),
(379, '41', '43', 'follow the model.', '128projectblend1.jpg', '1'),
(380, '58', '29', 'If arms get tinner Will have printing issues or Will brake', '167R1.jpg', '1'),
(381, '58', '29', '', '457R2.jpg', '1'),
(382, '58', '29', '', '498R3.jpg', '1'),
(383, '34', '29', '', '641R22.jpg', '1'),
(384, '29', '29', 'If logo does not like to the client, please provide valid reference for the logo, I mean, bigger reference for the logo, current reference is small and pixelated. DON\'T change status to REVISION if don\'t provide bigger logo image, please', '598R21.jpg', '1'),
(385, '29', '29', '', '250R22.jpg', '1'),
(386, '24', '29', '', '295R222.jpg', '1'),
(387, '63', '29', '', '634R1.jpg', '1'),
(388, '27', '28', 'The short suppose to have inc. tho not tattoo n piercing besides that perfect just realized that but still no facial hair 👍🏽', '', '1'),
(389, '48', '30', '', '1581.jpg', '1'),
(390, '48', '30', '', '6232.jpg', '1'),
(391, '48', '30', '', '4793.jpg', '1'),
(392, '48', '30', '', '691ZBrush Document.jpg', '1'),
(393, '58', '28', 'Remove the base she\'s sitting on. The thing under her butt is actually what she\'s sitting on. She\'s suspended and won\'t be in the final piece\nYou\'ve done the back so well I\'m reluctant to cut it off. I never get to see the back of my pieces...\n\n', '532243696793_286683276367174_807675375909946501_n.jpg', '1'),
(394, '58', '28', '', '610243869222_1174138666329892_6367999905278865760_n.jpg', '1'),
(395, '65', '29', '', '885r1.jpg', '1'),
(396, '58', '29', '', '688R21.jpg', '1'),
(397, '58', '29', '', '157R22.jpg', '1'),
(398, '58', '29', '', '395R22.jpg', '1'),
(399, '60', '32', '', '79001.jpg', '1'),
(400, '60', '32', '', '26502.jpg', '1'),
(401, '60', '32', '', '34103.mpg', '1'),
(402, '22', '30', '', '2081.jpg', '1'),
(403, '22', '30', '', '3592.jpg', '1'),
(404, '22', '30', '', '1853.jpg', '1'),
(405, '22', '30', '', '6554.jpg', '1'),
(406, '22', '30', '', '1675.jpg', '1'),
(407, '22', '30', '', '5476.jpg', '1'),
(408, '27', '30', 'about the last change, is it necessary to remove the piercings too?', '5881.jpg', '1'),
(409, '19', '30', '', '6551.jpg', '1'),
(410, '19', '30', '', '7512.jpg', '1'),
(411, '19', '30', '', '7913.jpg', '1'),
(412, '19', '30', 'I modified the texture of one of the snakes, and the detail on the underside of the snakes, the customer\'s drawing has very irregular details, so it would be great if he specifies\nwhat details he would like to change.', '', '1'),
(413, '65', '28', 'Eyes hollow, like holes ', '', '1'),
(414, '27', '28', 'Yes,\n\nThe short suppose to have inc. tho not tattoo n piercing besides that perfect just realized that but still no facial hair 👍🏽\n', '', '1'),
(415, '30', '28', 'The face is not good\nThis is Little Andy based on my photo of Andy Warhol cartoonized. I cartoonized my photo of him.\nYou have changed face completely and looks way too serious \n\nPlease redo the face\n\nHe’s supposed to look cute\n\nHe is cute in image I sent you', '', '1'),
(416, '65', '29', '', '390r1.jpg', '1'),
(417, '39', '28', 'It’s great what are you thinking about the nose\nIf I could see it it would be awesome please\nThe nose\nFlat on the face like an capital L', '', '1'),
(418, '59', '28', 'remove work they', '', '1'),
(419, '48', '28', 'I love this but can the base be rectangular instead of oval?\n\nCan you these two with rectangular base?', '', '1'),
(420, '29', '28', 'This is the logo for the t shirt\n\nLooks great but I think the tops of the antlers are also too pointed now\n\nSomewhere between the two designs would be perfect', '162243698344_297747555076343_503837263951977447_n.jpg', '1'),
(421, '39', '37', 'update 02', '275imagem_2021-09-30_155320.png', '1'),
(422, '66', '30', '', '2931.jpg', '1'),
(423, '66', '30', '', '7482.jpg', '1'),
(424, '66', '30', '', '8483.jpg', '1'),
(425, '66', '30', '', '6654.jpg', '1'),
(426, '66', '30', '', '5255.jpg', '1'),
(427, '60', '28', 'Looks realy good, can yu put the words in the hat ? (Pzly) and a flat bottom so it can stay up ? And some were in the world, can yu put ( pzly.pack ) ? ', '', '1'),
(428, '39', '28', 'Could you make the nose flat', '', '1'),
(429, '58', '28', 'the key is for this to look like it\'s coming out of a wall. so it\'s going to lay flat against it as it comes out.\n', '693243428240_232503622184243_5614920002478820187_n.jpg', '1'),
(430, '58', '28', '', '312243237820_622159795463027_5063748929047196002_n.jpg', '1'),
(431, '59', '29', '', '107R2R.jpg', '1'),
(432, '29', '29', '', '726R31.jpg', '1'),
(433, '58', '29', '', '552R31.jpg', '1'),
(434, '39', '37', 'Update 03:\nI didn\'t quite understand how you would like the nose to be made... flat nose how ?', '879imagem_2021-09-30_204932.png', '1'),
(435, '52', '42', 'here is a small project update :)', '856personage.png', '1'),
(436, '60', '32', '', '662Work in Progress.jpg', '1'),
(437, '30', '32', '', '510Work in Progress.jpg', '1'),
(438, '64', '36', '', '7283.jpg', '1'),
(439, '64', '36', '', '3302.jpg', '1'),
(440, '64', '36', '', '3841.jpg', '1'),
(441, '64', '36', '', '7814.jpg', '1'),
(442, '64', '36', '', '6471.jpg', '1'),
(443, '64', '36', '', '2844.jpg', '1'),
(444, '64', '36', '', '6866.jpg', '1'),
(445, '64', '36', '', '3485.jpg', '1'),
(446, '64', '36', '', '4765.jpg', '1'),
(447, '64', '36', '', '5096.jpg', '1'),
(448, '60', '32', '', '37701.jpg', '1'),
(449, '49', '38', 'Skinny trees render uploaded above', '374SKINNY TREES.jpg', '1'),
(450, '40', '34', 'Baezor78_Render', '536Baezor78_Render.jpg', '1'),
(451, '67', '32', '', '71001.jpg', '1'),
(452, '67', '32', '', '33102.jpg', '1'),
(453, '52', '28', 'This project is done by other artist already, it is in the approved section. When did you accept this project? ', '', '1'),
(454, '49', '28', 'Add a base so it can stand', '', '1'),
(455, '52', '42', 'I got the project on the 27th of september, where it showed on the website that it was still available to do the work and now I\'m finishing it.', '', '1'),
(456, '67', '28', 'This looks good but it looks like the Super7 action figure that I put next to my drawings for reference in the pics I sent. Too Short has the bald head(no hat) and E-40 has the bald head but wearing a beanie with glasses in the reference photo I sent. Your 3D model’s hair is long-ish and features look Caucasian, Too Short & E-40 are African American. On your 3D sculpt the ‘lines’ coming up from the shoes/around the ankle area at the bottom of the pant leg are also like the Super7 figure so those need to be removed. The pockets on the jacket over the chest area need to be removed so the raised logos can be sculpted over the heart areas. Just pocket seams needs be modeled at the bottom on the jacket on each side by the waist area(like a classic bomber jacket has. Lastly the pockets on the pants should just be seams indicating the pocket area, not the raised square pockets. Sorry again for a lengthy reply & knit picking. It’s a good looking 3D model, just too Super7 like.\n\n\nAppologies if ', '', '1'),
(457, '27', '30', '', '1811.jpg', '1'),
(458, '48', '30', '', '3774.jpg', '1'),
(459, '48', '30', '', '3885.jpg', '1'),
(460, '51', '41', 'work completed and ready for delivery', '875render.jpg', '1'),
(461, '30', '28', 'Hi\nThe face is not good\nThis is Little Andy based on my photo of Andy Warhol cartoonized. I cartoonized my photo of him.\nYou have changed face completely and looks way too serious \n\nPlease redo the face\n\nThanks \n\n\nNote\n\nHe’s supposed to look cute\n\nHe is cute in image I sent you\n\n', '', '1'),
(462, '44', '28', 'Project Cancelled', '', '1'),
(463, '52', '28', 'DO NOT DO THIS PROJECT! ', '', '1'),
(464, '60', '28', 'Sry but now that yu put the flat part so it stand , can yu jus put it infront like the one you have on your ig, the dragon one in ya page ? ( PZLY . PACK ) jus like that all cap with the dot between pzly and pack ? If is possible ill like it there and not on the world .. ', '', '1'),
(465, '48', '28', 'I love this but can the base be rectangular instead of oval?', '2561581.jpg', '1'),
(466, '26', '28', 'Need update', '', '1'),
(467, '48', '30', '', '1775.jpg', '1'),
(468, '23', '31', '', '426rcsd.jpg', '1'),
(469, '8', '28', 'Please match the face features, Correct the body proportions, \nand send a polyskin render snapshots \n', '336243514566_291721322455604_2260662270519024592_n.jpeg', '1'),
(470, '52', '42', 'can you cancel the project?', '', '1'),
(471, '40', '28', '', '326243697114_980919102471012_7879365099818496350_n.jpg', '1'),
(472, '40', '28', '', '158244013202_913773832597331_1718329460240819145_n (1).jpg', '1'),
(473, '58', '28', 'revision 2-10-2021', '125244317030_409704383922560_8539646955167390595_n.jpg', '1'),
(474, '24', '28', '', '837look in this direction.jpg', '1'),
(475, '24', '28', '', '196243701424_392098785866654_1571486925113383440_n.jpg', '1'),
(476, '24', '28', 'pdf attached', '345hughesjo.pdf', '1'),
(477, '29', '28', 'Please move the logo on the t shirt a little up (just slightly)\n\nI think we can reduce the side of the ears to be 85% the size they are right now\n\nAnd make the hair on top and on the sides more cartoonish. What I mean by this is to reduce the look to be showing the strands of hair and have it match the drawing more so that there are larger chunks\n\nTo match this look a bit more\n', '199243564929_241345681165360_4363624978813606970_n.jpg', '1'),
(478, '34', '28', 'Hello, I did a mock up design to maybe help get closer to my idea.\n', '882243742234_232672475503108_4787428658321678964_n.jpg', '1'),
(479, '34', '28', '', '605243584664_546653486410581_1520583361728266197_n.jpg', '1'),
(480, '45', '39', 'Hello. I made a version of this lion that my friend didn\'t get.', '413lion key chan.jpg', '1'),
(481, '26', '32', '', '32702.jpg', '1'),
(482, '26', '32', '', '42503.jpg', '1'),
(483, '26', '32', '', '73001.jpg', '1'),
(484, '67', '32', '', '29702.jpg', '1'),
(485, '67', '32', '', '86301.jpg', '1'),
(486, '30', '32', '', '32201.jpg', '1'),
(487, '29', '29', 'If this fur approach does not work, ibwouod really appreciate to provide a new reference or specific indication on actual render. I am out of ideas', '303R41.jpg', '1'),
(488, '58', '29', '', '627R41.jpg', '1'),
(489, '24', '29', 'The model is to the limit of reference proportions, if need additional modifications, please provide feedback on actual render trough sketch', '765R31.jpg', '1'),
(490, '34', '29', 'Modified to Match as much I could new reference', '714R31.jpg', '1'),
(491, '68', '29', '', '3301.jpg', '1'),
(492, '68', '29', '', '3582.jpg', '1'),
(493, '49', '38', 'Skinny tree with base', '2510_IMG-20211002-WA0011.jpg', '1'),
(494, '69', '34', 'Alnomad_Render', '502Alnomad_Render.jpg', '1'),
(495, '40', '34', 'Revision', '874Baezor78_Render_V01.jpg', '1'),
(496, '60', '32', '', '44201.jpg', '1'),
(497, '51', '28', 'Can you add a small base so it can stand on it\'s own', '', '1'),
(498, '48', '28', 'Ok! Just last details can the base be straight (without the rounded edges) and can you make like this proposal but with the center of the “eye” filled so we only have one floating circle and not two\n', '', '1'),
(499, '40', '28', '', '427243663874_461819731678464_6949106812142338005_n.jpg', '1'),
(500, '40', '28', '', '631243916336_298312681721140_2076473348715569439_n.jpg', '1'),
(501, '40', '28', '', '167243806111_568171241083142_3705971112473620752_n.jpg', '1'),
(502, '40', '28', '', '141243735702_363621985459172_2846921172805699806_n.jpg', '1'),
(503, '40', '28', 'refer pdf for revisions ', '519baezor782.pdf', '1'),
(504, '58', '28', 'Make the vein on the arm on the right the same thickness (depth) as the left and we’re ready to print. You did it!\n', '', '1'),
(505, '37', '28', 'The design is looking better.\nThe feet are perfect.\nThe fingers on the his left arm look too chunky though.\nCould you slim those down to the size of the hand holding the key please :)\nAlso the layer beneath the eye is missing, to match the illustration.\nI will send a sketch of how that’s supposed to look shortly. \nBeneath is the desired width for the backside of my mascot.\n', '561image0 (28).jpeg', '1'),
(506, '70', '42', 'Here is the finished design of the tire :)', '154TIRE.jpg', '1'),
(507, '45', '28', 'Is it possible to do like this one embossed', '508243749632_215821277194177_4737787698208225895_n.jpg', '1'),
(508, '58', '29', '', '847IMG_20211002_124822.jpg', '1'),
(509, '71', '36', '', '852tbrender_007.jpg', '1'),
(510, '71', '36', '', '150tbrender_00s3.jpg', '1'),
(511, '71', '36', '', '653tbrender_006.jpg', '1'),
(512, '71', '36', '', '316tbrender_003.jpg', '1'),
(513, '71', '36', '', '878tbrender_005.jpg', '1'),
(514, '71', '36', '', '348tbrender_004.jpg', '1'),
(515, '75', '29', '', '890r1.jpg', '1'),
(516, '75', '29', '', '200r2.jpg', '1'),
(517, '69', '28', '', '599Rnd1 3D Rev 10-2.pdf', '1'),
(518, '69', '28', 'Hello,\n\n \n\nPlease see below and attached for updates:\n\nOverall proportions are off from the original 2D line art/drawing sent – please update to match\nAdditional notes and references attached\n \n\nLet me know if you have any questions or need further clarification.\n\n', '576SH 2D.pdf', '1'),
(519, '51', '41', 'model with support', '7893.jpg', '1'),
(520, '51', '41', 'model with base.', '2743.jpg', '1'),
(521, '75', '28', 'Can you make the back flat and add bail to it? It\'s a pendant design. ', '', '1'),
(522, '67', '28', 'For Too Short maybe scale down his cheeks/chin/jaw, and scale up his lips a bit too. Maybe scale down his sneakers a little too as well as some baggy wrinkles at the bottom of his pants like the E-40 model.\n\ncan you also sculpt back pockets on their pants? \nExample of E40 model attached for doing baggy wrinkles on his pant', '', '1'),
(523, '68', '28', 'These look good! I’m thinking maybe scale down E-40’s nose a little bit but also plump up his lips a little, make him more heavy set around the face/jaw/neck as well as a heavy set belly\ncan you also sculpt back pockets on their pants? ', '', '1'),
(524, '67', '28', '', '5513301 (1).jpg', '1'),
(525, '72', '41', 'attachment ready for analysis', '509a cloud.png', '1'),
(526, '72', '41', 'LOOK THE MODEL.', '261nuvem.jpg', '1'),
(527, '48', '', '', '3636.jpg', '0'),
(528, '48', '30', '', '3056.jpg', '1'),
(529, '37', '41', 'take a look', '516render2.jpg', '1'),
(530, '71', '28', 'I think everything is perfect, except maybe the mouth is too big?', '', '1'),
(531, '48', '28', 'Base is perfect. What I meant with the design was like this only the center of the eye filled\nThat area in pink', '762243927412_414112320104699_2485884586739208387_n.jpg', '1'),
(532, '75', '29', '', '614r11.jpg', '1'),
(533, '68', '29', '', '375r11.jpg', '1'),
(534, '71', '36', '', '67335.jpg', '1'),
(535, '71', '36', '', '72934.jpg', '1'),
(536, '71', '36', 'Revisions 1', '50033.jpg', '1'),
(537, '71', '36', '', '80034.jpg', '1'),
(538, '71', '36', '', '21535.jpg', '1'),
(539, '71', '36', '', '32833.jpg', '1'),
(540, '61', '31', '', '706zx.jpg', '1'),
(541, '66', '28', 'Can we make the robe drape more in the back.  Little less eye socket more cheek bone\n\nAlso hood looks squished to the side     If we could have it come frontward also it would look much better\n\nI’ll mess with it on procreate when I get to the studio\n\nReduce belly a little', '', '1'),
(542, '40', '34', 'Revision', '879Baezor78_Render_V02.jpg', '1'),
(543, '30', '32', '', '33701.jpg', '1'),
(544, '8', '32', '', '59802.jpg', '1'),
(545, '8', '32', '', '27401.jpg', '1'),
(546, '61', '28', 'Send renders with different angles pls ', '', '1'),
(547, '66', '30', '', '3401.jpg', '1'),
(548, '66', '30', '', '3402.jpg', '1'),
(549, '66', '30', '', '4653.jpg', '1'),
(550, '66', '30', '', '3264.jpg', '1'),
(551, '66', '30', '', '5905.jpg', '1'),
(552, '72', '28', 'Revisions attached ', '408261nuvem-adjustments.jpg', '1'),
(553, '72', '41', 'follow a cloud update :)', '536cloud .jpg', '1'),
(554, '62', '37', '', '638Jay Art.4.png', '1'),
(555, '62', '37', '', '362Jay Art.2.png', '1'),
(556, '62', '37', 'Renders', '639Jay Art.5.png', '1'),
(557, '62', '37', '', '791Jay Art.3.png', '1'),
(558, '62', '37', '', '840Jay Art.1.png', '1'),
(559, '67', '32', '', '197Work in Progress.jpg', '1'),
(560, '82', '32', '', '390Work in Progress.jpg', '1'),
(561, '84', '32', '', '577Work in Progress.jpg', '1'),
(562, '80', '36', '', '385tbrender_002.jpg', '1'),
(563, '80', '36', '', '4476.jpg', '1'),
(564, '80', '36', '', '6135.jpg', '1'),
(565, '80', '36', '', '1142.jpg', '1'),
(566, '80', '36', '', '2794.jpg', '1'),
(567, '80', '36', '', '3563.jpg', '1'),
(568, '80', '36', '', '4621.jpg', '1'),
(569, '83', '32', '', '46303.jpg', '1'),
(570, '83', '32', '', '41401.jpg', '1'),
(571, '83', '32', '', '55502.jpg', '1'),
(572, '69', '34', 'Rework', '279Alnomad_Render_V01.jpg', '1'),
(573, '69', '34', '', '547Alnomad_Render_V02.jpg', '1'),
(574, '82', '28', 'Need renders', '', '1'),
(575, '58', '28', 'Make the vein on the arm on the right the same thickness (depth) as the left and we’re ready ', '659Revisions_1.jpeg', '1'),
(576, '29', '28', 'Revisions 05-10 \n\nVery last thing would be to move the pocket logo a tiny bit up\nAnd shorten the torso of the buck (delete a small portion from where the shirt meets the stand)\nAfter those 2 are finished we are good to go!', '', '1'),
(577, '40', '28', 'One more last final thing I noticed that the eyes of the dwarf and goblin looks flat it needs to look oval no pupil\nSo it look like real eyes\n', '515244013222_589834042213600_8858859813082992288_n.jpeg', '1'),
(578, '72', '28', 'BAD QUALITY! Explained on whatsapp! ', '', '1'),
(579, '65', '28', '1) Instead of hair, just keep the red hat, like in reference image attached with this, \n', '483244029558_147862607561398_6264816888383902531_n.jpeg', '1'),
(580, '68', '28', 'It’s getting be there! Maybe scale down his nose a bit more and round his face off a bit with a fatter chin/jaw/neck. Also maybe make both his lips & nose less wide. Thanks!\n', '', '1'),
(581, '37', '28', 'BAS QUALITY! Improve what was discussed and send a good photos, strickly follow the 2D drawing! ', '', '1'),
(582, '37', '41', '', '589now home (2).jpg', '1'),
(583, '37', '41', 'take a look at the update', '638now home (1).jpg', '1'),
(584, '48', '30', '', '4527.jpg', '1'),
(585, '62', '28', 'We just need the mouth closed please.', '', '1'),
(586, '83', '28', 'So I wanna go more circular head,  simple on the face but still have the indentation of the features I tried my best to show on the picture below and I also put the arms closer to the torso wit a slightly bigger shirt and also the hat shape I want it as close as possible to the one I attached and the watch more thinner and and closer to the bracelet to the picture attached', '126image0 (1).png', '1'),
(587, '26', '28', 'Yes, that is fantastic work! Can we remove the tattoos since that will be a texture and also make his face have an even expression (neutral pose) and his mouth open slightly to show some teeth? other than that this is perfect. ', '', '1'),
(588, '79', '29', '', '512R1.jpg', '1'),
(589, '79', '29', '', '494R2.jpg', '1'),
(590, '68', '29', '', '807r21.jpg', '1'),
(591, '65', '29', '', '686r21.jpg', '1'),
(592, '29', '29', '', '519r51.jpg', '1'),
(593, '58', '29', '', '106r51.jpg', '1'),
(594, '75', '29', 'I just did the flatten as for pendant and put a bail. Please indicate changes on actual render please', '271r11.jpg', '1'),
(595, '68', '28', 'Right one', '584244584226_878747656120397_6438420939641965122_n.jpg', '1'),
(596, '75', '28', 'Ok can u send us it borderless\n', '', '1'),
(597, '80', '28', 'Make the floor square, remove Nike symbol from the shoes ', '', '1'),
(598, '48', '28', 'Can you also fill the hole inside the eye\n', '', '1'),
(599, '75', '29', '', '399R21.jpg', '1'),
(600, '75', '28', 'We have to remove the border (outline) ', '', '1'),
(601, '58', '28', 'Two changes and we can go.1. The veins need to be the same. the one on the right is thicker and deeper. Make same as the left one. 2. the leg from this angle shows as very sharp. It needs to be smoother on the edge please. .... this would be so much easier to see if I could see an actual 3d rendering of this but this angle makes it look too sharp.\n\nother than that we\'re good to go. All the green means it\'s ready to do a print/test.\n\n', '764244507233_999275180637660_8222295136156463468_n.jpg', '1'),
(602, '80', '36', '', '874revision2.jpg', '1'),
(603, '80', '36', 'let me know if you want textured floor or not.', '348revision.jpg', '1'),
(604, '35', '30', '', '5621.jpg', '1'),
(605, '35', '30', '', '2342.jpg', '1'),
(606, '35', '30', '', '8183.jpg', '1'),
(607, '35', '30', '', '8174.jpg', '1'),
(608, '35', '30', '', '6005.jpg', '1'),
(609, '48', '30', 'The last change asks to fill the eye hole, it would look like this', '2446.jpg', '1'),
(610, '87', '37', '', '7092938_render.2.png', '1'),
(611, '87', '37', '', '3882938_render.3.png', '1'),
(612, '87', '37', '', '2162938_render.5.png', '1'),
(613, '87', '37', '', '3782938_render.4.png', '1'),
(614, '87', '37', '', '2812938_render.1.png', '1'),
(615, '87', '37', 'Renders ', '7142938_render.6.png', '1'),
(616, '72', '41', 'follow a cloud update ', '210imagem_2021-10-05_225539.png', '1'),
(617, '62', '37', '', '419Jay Art.6.png', '1'),
(618, '62', '37', 'update 01', '443Jay Art.7.png', '1'),
(619, '82', '32', '', '39201.jpg', '1'),
(620, '82', '32', '', '53002.jpg', '1'),
(621, '75', '29', '', '211r31.jpg', '1'),
(622, '68', '29', '', '722r31.jpg', '1'),
(623, '58', '29', 'Update', '526r62.jpg', '1'),
(624, '58', '29', '', '534r61.jpg', '1'),
(625, '26', '32', '', '79501.jpg', '1'),
(626, '26', '32', '', '64702.jpg', '1'),
(627, '85', '32', '', '53901.jpg', '1'),
(628, '85', '32', '', '33202.jpg', '1'),
(629, '73', '34', 'Render', '216Doomun_Render.jpg', '1'),
(630, '66', '28', 'Go with the images sent, and also remove the base', '885Revisions.zip', '1'),
(631, '82', '28', '1) Text on the T-shirt \n2) Add the smoke ', '', '1'),
(632, '58', '28', 'will this print like an arrowhead or will it be smooth at the end\neverything else is approved. good to print.\n', '336244674905_382277423632417_5756935179882032538_n.jpg', '1'),
(633, '85', '28', '', '263244362206_585247859340724_2407616226070732190_n.jpg', '1'),
(634, '85', '28', '', '898244427040_413887137044250_2455126762163905734_n.jpg', '1'),
(635, '85', '28', '', '279244610488_457820682173053_2450317699946351143_n.jpg', '1'),
(636, '85', '28', '', '652244779475_880789532552444_9183713428330849409_n.jpg', '1'),
(637, '85', '28', '', '496241306102_149548700725645_7169438835373147961_n.jpg', '1'),
(638, '85', '28', '', '631244659600_610249170345477_1304627427879382264_n.jpg', '1'),
(639, '85', '28', '', '499244579581_1141643079696871_6358644664623111855_n.jpg', '1'),
(640, '85', '28', '', '388244461093_271159578234991_5329205418663657367_n.jpg', '1'),
(641, '85', '28', '', '528240902839_352103363374517_5270340390881217311_n.jpg', '1'),
(642, '58', '29', 'Wait for update, dont send this', '724r61.jpg', '1'),
(643, '58', '29', 'Now this is the last update, please send to client', '186r63.jpg', '1'),
(644, '61', '31', '', '149rvsd p 01.jpg', '1'),
(645, '61', '31', '', '406rvsd p 02.jpg', '1'),
(646, '61', '31', '', '667rvsd p 03.jpg', '1'),
(647, '92', '29', '', '105R1.jpg', '1'),
(648, '92', '29', '', '767R2.jpg', '1'),
(649, '35', '28', '', '522SCFSFB.jpg', '1'),
(650, '35', '28', 'The samurai looks awesome.\n\nThe only changes we have are the blade and the clipper.\n\nI understand you were rendering from the drawing.\n\n\nPlease review the picture so you can see the shapes of the Clipper and Blade.\n\nThe blade can have only 1 hole in the middle it is about the shapes.\n\nPlease update and once these changes are done we can move forward.\n', '384Stylecraft14428.png', '1'),
(651, '67', '28', 'aani badhi info accurate j chhe, pant na wrinkles nu example aapva biju render moiklu chhe and baki na edits as a text moklela chhe', '', '1'),
(652, '86', '36', '', '1483.jpg', '1'),
(653, '86', '36', '', '3731.jpg', '1'),
(654, '86', '36', '', '5312.jpg', '1'),
(655, '86', '36', '', '7914.jpg', '1'),
(656, '40', '34', 'Revision', '143Baezor78_Render_V03.jpg', '1'),
(657, '94', '37', '', '339neilsecond.4.png', '1'),
(658, '94', '37', '', '618neilsecond.3.png', '1'),
(659, '94', '37', '', '802neilsecond.5.png', '1'),
(660, '94', '37', 'Renders:', '570neilsecond.6.png', '1');
INSERT INTO `projectchat` (`id`, `project_id`, `sendby`, `description`, `image`, `seen`) VALUES
(661, '94', '37', '', '130neilsecond.2.png', '1'),
(662, '84', '32', '', '11701.jpg', '1'),
(663, '84', '32', '', '57103.jpg', '1'),
(664, '84', '32', '', '60902.jpg', '1'),
(665, '76', '38', 'turban 13 render ', '101turban 13.jpg', '1'),
(666, '69', '34', 'revision', '675Alnomad_Render_V03.jpg', '1'),
(667, '83', '32', '', '88302.jpg', '1'),
(668, '83', '32', '', '75703.jpg', '1'),
(669, '83', '32', '', '45801.jpg', '1'),
(670, '82', '32', '', '82801.jpg', '1'),
(671, '82', '32', '', '68302.jpg', '1'),
(672, '30', '32', '', '46002.jpg', '1'),
(673, '30', '32', '', '89501.jpg', '1'),
(674, '82', '28', 'No smoke but keep the letter in the Shirt ', '', '1'),
(675, '92', '28', '', '559SILENT_ASH_EDITS.png', '1'),
(676, '66', '30', '', '3731.jpg', '1'),
(677, '66', '30', '', '5842.jpg', '1'),
(678, '66', '30', '', '4543.jpg', '1'),
(679, '66', '30', '', '8784.jpg', '1'),
(680, '98', '27', 'Already approved by customer, \nOn portal click on Approve project ', '670Screenshot 2021-10-08 at 1.22.30 AM.png', '1'),
(681, '84', '28', 'Hello!   Not bad.   Please say we can get better details.  She really needs to be close to the photos of her.  Hair,face,gown, etc.   I really do appreciate you .    Thank you!\n', '', '1'),
(682, '69', '28', 'Looks like just a couple of small details were missed.\n\n', '221Rnd2 3D Rev 10-7.pdf', '1'),
(683, '83', '28', 'So I tried my best to adjust it to my liking. I wanna do the nose and lips none 3D more of a flat surface but still indented like carved in. And the arm on the left lower so the figure is able to balance and stand. And also really want the hat to be more of this shape but the picture on the bottom left is exactly what I’m looking to get. Lmk if I can do anything more but other than that the watch is perfect now thank u \n', '808image0 (4).png', '1'),
(684, '76', '28', '', '649244632596_265199098819116_715038925370856784_n.jpg', '1'),
(685, '76', '28', '', '150244569897_546614276425938_3705994598527743148_n.jpg', '1'),
(686, '76', '28', '', '168244724768_570532240865668_6639829020684747461_n.jpg', '1'),
(687, '76', '28', 'read pdf ', '446turban13.pdf', '1'),
(688, '66', '28', 'Can we smoothen out his checks.  Make his face look less sunk in. I know he’s a skull but out meat on his face also sharpen the fold in hoodie and robe.   Less bubbly  more sharp\n', '582243382741_140665914950223_5902824349488172545_n.jpg', '1'),
(689, '41', '28', 'Make the bottom pointy like a real pineapple and fill it.\n\nAttached image is just for reference don\'t redesign it. ', '488243682279_191262986472986_5348798900372237943_n.jpg', '1'),
(690, '93', '29', '', '862R1.jpg', '1'),
(691, '92', '29', '', '523IMG_20211007_200932.jpg', '1'),
(692, '85', '32', '', '255Work in Progress.jpg', '1'),
(693, '67', '32', '', '268Work in Progress.jpg', '1'),
(694, '84', '32', '', '198Work in Progress.jpg', '1'),
(695, '82', '32', '', '260Work in Progress.jpg', '1'),
(696, '67', '32', '', '73101.jpg', '1'),
(697, '67', '32', '', '65002.jpg', '1'),
(698, '84', '32', '', '53701.jpg', '1'),
(699, '84', '32', '', '28002.jpg', '1'),
(700, '84', '32', '', '82303.jpg', '1'),
(701, '84', '32', '', '45604.jpg', '1'),
(702, '82', '32', '', '61101.jpg', '1'),
(703, '81', '31', '', '155asd.jpg', '1'),
(704, '90', '34', 'Render', '530Basementbud_Render.jpg', '1'),
(705, '69', '34', 'Revision', '314Alnomad_Render_V04.jpg', '1'),
(706, '102', '32', '', '28301.jpg', '1'),
(707, '102', '32', '', '37502.jpg', '1'),
(708, '81', '28', 'Please add a base like this \n\nhttps://www.dropbox.com/s/4xuhrmx1y47qe9e/base%20pedro.ztl?dl=0', '767494R2 (1).jpg', '1'),
(709, '94', '28', 'Everything looks beautiful the only thing missing on the little bear is the letters on the ears and that’s it for that one', '379Untitled.png', '1'),
(710, '93', '28', 'I would make the wings a bit thicker so that it’s not so fragile snd also thicken the cloth that’s around his waist but let me see what my customer wants to change on it if any because it looks so great', '', '1'),
(711, '92', '28', '', '370SILENT_ASH_EDITS (3).png', '1'),
(712, '72', '28', '', '884536cloud  (1) (1).jpg', '1'),
(713, '72', '28', 'put the red front with the gray back then that would be great\n', '740210imagem_2021-10-05_225539 (1).png', '1'),
(714, '74', '35', 'check', '27908.10.2021_20.57.57_REC.png', '1'),
(715, '102', '28', 'Okay, here are my comments :\nThe Head\n1) there should be a bandana wrapped around the head above the ears/forehead. \n2) the bandana is tied into a bow in the front.\n3) the hair on top of the head point up in irregular patterns  (not smooth /flat)\nThe Face (it should be \"surreal\" not realistic )\n1) Large eye on left side should be tilted at a slight angle\n2) there shouldn\'t be a right \"eye\". Instead, it is just a small circle.\n3) there shouldn\'t be a normal \"bridge\" from the eyes to the nostrils. \n4) the bridge should be small /narrow almost flat.\n5) Similarly the nostrils should be small  (this is a surrealist face)\n6) Tthe lips should be oversized and continue to become the \"chin\".\n7) there is a mustache above the lips. \n8) On the right side above the lips /in the mustache is a piercing  (diamond stud).\nBody\n1) Arms/shoulders should be less muscular,  bulky. \n2) The position of the hands should be lowered, if possible,  to create a more relaxed pose. He looks kinda \"handcuffed\".\n3) th', '', '1'),
(716, '102', '28', 'see notepad ', '447babel.txt', '1'),
(717, '94', '37', '', '556imagem_2021-10-09_001758.png', '1'),
(718, '101', '32', '', '709Work in Progress.jpg', '1'),
(719, '102', '32', '', '776Work in Progress.jpg', '1'),
(720, '84', '32', '', '424Work in Progress.jpg', '1'),
(721, '107', '32', '', '179Work in Progress.jpg', '1'),
(722, '97', '36', '', '567tbrender_002.jpg', '1'),
(723, '97', '36', '', '6555.jpg', '1'),
(724, '97', '36', '', '6174.jpg', '1'),
(725, '97', '36', '', '8623.jpg', '1'),
(726, '97', '36', '', '2886.jpg', '1'),
(727, '97', '36', '', '5372.jpg', '1'),
(728, '97', '36', '', '3041.jpg', '1'),
(729, '110', '32', '', '65401.jpg', '1'),
(730, '110', '32', '', '81702.jpg', '1'),
(731, '103', '29', '', '220r1.jpg', '1'),
(732, '93', '29', 'Working on it', '662IMG_20211009_083544.jpg', '1'),
(733, '92', '29', '', '451IMG_20211009_083544.jpg', '1'),
(734, '113', '29', '', '614r1.jpg', '1'),
(735, '113', '29', '', '788r2.jpg', '1'),
(736, '113', '29', '', '869r11.jpg', '1'),
(737, '113', '29', '', '301r22.jpg', '1'),
(738, '74', '28', 'Can we make the beetle more 3 dimensional. Thicker like a beetle\nWings look great', '', '1'),
(739, '67', '28', 'Looks good! Can we make his neck less thick/wide and his facial features a bit more like the reference photo?', '639244740873_615350006497703_5803307327278092798_n.jpg', '1'),
(740, '105', '27', 'Work already sent on email, ignore this submit', '85933.jpg', '1'),
(741, '112', '29', '', '727R1.jpg', '1'),
(742, '104', '42', 'follow the final project, as shown in the references!', '868imagem_2021-10-09_133710.png', '1'),
(743, '117', '29', '', '140R1.jpg', '1'),
(744, '117', '29', '', '479R3.jpg', '1'),
(745, '103', '28', '', '62789963733_495809977761289_1304014947403539466_n.jpg', '1'),
(746, '103', '28', '', '588103673033_2488569621441613_8511401042071271525_n.jpg', '1'),
(747, '103', '28', 'Nice, Can you make the beard go around his mouth and the braids thinner and shorter\nMaybe add a few more braids\nIt’s for this artist, so I want to get it as close as him as possible...thank you!!\n', '89791398144_2944675752220851_3184096884064179893_n.jpg', '1'),
(748, '117', '28', 'This looks so good so far\nCan we make the hand be integrated with the body?\nAnd maybe just the tail of the ghost part go to the right side\nSo the arms of the panda looks like it’s wrapped around the body, I would like it for the hand a to be integrated from the body it self', '', '1'),
(749, '87', '28', '', '819Mad-Mahi-Basic-Line-Guide.png', '1'),
(750, '87', '28', '', '619Mad-Mahi-Changes-01.jpg', '1'),
(751, '87', '28', '', '6151_h9LZSrXTBa63pw_P2zfK0Q.jpeg', '1'),
(752, '87', '28', '', '124Mad-Mahi-Changes-001.jpg', '1'),
(753, '87', '28', 'My overall comments would be that \nthe silhouette and basic details should fall in the same place as the original (See attached description).\nthe fish is much flatter in the head area (please see attached description and reference photos of the real fish to get a better idea).\nIf it helps I included a basic line guide that you might be able to use help with putting the details in the correct area.\n', '16936a222e8a7b6af079a759b4575049dd4.png', '1'),
(754, '93', '29', 'Thicken wings and fabric', '760r21.jpg', '1'),
(755, '89', '43', 'followed the model\n', '436boneco.jpg', '1'),
(756, '41', '43', '', '511abacaxeba.png', '1'),
(757, '117', '29', 'Update1 10 oct', '521r1.jpg', '1'),
(758, '92', '29', 'Update1 10 oct', '118r11.jpg', '1'),
(759, '92', '29', '', '516r12.jpg', '1'),
(760, '117', '28', 'pls add a base to it so it can stand', '', '1'),
(761, '97', '28', 'The inner part of the daggers are actually concave instead of convex. You nailed the teeth from my illustration, but in 3d they look so much smaller in comparison to the rest of him. Definitely didn\'t notice how small I drew them and how many I drew lol. Would it be possible to make them more in line with the amount that are supposed to be there?\n', '561244886312_365326498610818_9183694320085435715_n.jpg', '1'),
(762, '77', '35', 'WHICH ONE IS THE CHEST PIECE ?', '28410.10.2021_17.03.17_REC.png', '1'),
(763, '81', '31', '', '47812.jpg', '1'),
(764, '120', '27', '', '855Z3.jpg', '1'),
(765, '97', '36', 'revisions', '260revision.jpg', '1'),
(766, '97', '36', '', '531revision2.jpg', '1'),
(767, '116', '29', '1st upload 10 oct', '447R1.jpg', '1'),
(768, '116', '29', '', '555R2.jpg', '1'),
(769, '103', '29', '', '376IMG_20211010_105432.jpg', '1'),
(770, '117', '29', 'Upd 10 oct', '245r21.jpg', '1'),
(771, '119', '29', 'Please, ask the client for more references from the real character', '710IMG_20211010_145145.jpg', '1'),
(772, '41', '28', 'Base was supposed to be pointy like a real pineapple ', '', '1'),
(773, '120', '28', '', '333245052305_480643982915276_2808447754763791308_n.jpg', '1'),
(774, '120', '28', '', '325245071060_1210259729451408_4768934475693457252_n.jpg', '1'),
(775, '120', '28', '', '700244995946_3160105894220778_3798679681955134983_n.jpg', '1'),
(776, '119', '28', '', '700image0 (30).jpeg', '1'),
(777, '119', '28', '', '718image3 (3).jpeg', '1'),
(778, '89', '28', '', '146244475900_857627431607129_4378620465727548760_n.jpeg', '1'),
(779, '89', '28', '', '815244804430_1248644185562979_5386171178582453041_n.jpeg', '1'),
(780, '89', '28', 'See attached images with notes.\n', '817244550123_165575639059870_2562895063134052094_n.jpeg', '1'),
(781, '66', '30', '', '7966.jpg', '1'),
(782, '35', '30', '', '7951.jpg', '1'),
(783, '35', '30', '', '8222.jpg', '1'),
(784, '35', '30', '', '6273.jpg', '1'),
(785, '35', '30', '', '6674.jpg', '1'),
(786, '35', '30', '', '4855.jpg', '1'),
(787, '99', '37', 'renders', '179foryoucap.5.png', '1'),
(788, '99', '37', '', '417foryoucap.3.png', '1'),
(789, '99', '37', '', '769foryoucap.4.png', '1'),
(790, '99', '37', '', '261foryoucap.2.png', '1'),
(791, '99', '37', '', '490foryoucap.1.png', '1'),
(792, '115', '36', '', '2155.jpg', '1'),
(793, '115', '36', '', '4143.jpg', '1'),
(794, '115', '36', '', '1381.jpg', '1'),
(795, '115', '36', '', '7554.jpg', '1'),
(796, '115', '36', '', '3402.jpg', '1'),
(797, '91', '34', '', '156luismoran_Render.jpg', '1'),
(798, '103', '29', 'Upd oct 11', '858R11.jpg', '1'),
(799, '103', '29', '', '257R12.jpg', '1'),
(800, '119', '29', '', '241R1.jpg', '1'),
(801, '119', '29', 'Oct 11', '863R2.jpg', '1'),
(802, '116', '28', 'Hey, I love this. Is there any chance to make the nose less sharp, more like a dogs nose, not a pigs nose?\nCan we move the hairline forward a little too.\n', '', '1'),
(803, '93', '28', 'It’s beautiful I would say maybe just bring out the detail more on the wings so that I don’t lose it when I’m sanding down in gold and it’s perfect\n', '734244971034_1073735586732591_610366404623831158_n.jpg', '1'),
(804, '99', '28', 'The top suppose to be a hat if u can add the brim to it\n', '', '1'),
(805, '119', '28', 'The preview looks great. I do have a few changes… the person this was drawn for is 6’6” so I’d like the figure to appear tall. Also, can the face look a little more cartoonish if that’s possible? While this is supposed to be the guy in the photos it is actually his comic book character. \n', '', '1'),
(806, '74', '35', 'check', '26811.10.2021_20.53.19_REC.png', '1'),
(807, '77', '28', '', '80820211010_213839.jpg', '1'),
(808, '77', '28', '', '194Screenshot_20211010-185923_Yahoo Mail.jpg', '1'),
(809, '104', '42', 'follow the final project, as shown in the references!', '805868imagem_2021-10-09_133710.png', '1'),
(810, '119', '29', 'Upd oct 11', '138R11.jpg', '1'),
(811, '93', '29', 'Upd oct 11 , ', '818R21.jpg', '1'),
(812, '113', '29', 'UPd oct 11. Please provide feedback on revisión', '288IMG_20211011_131326.jpg', '1'),
(813, '116', '29', 'Upd oct 11. Please indicate on actual render where the hair line has to go', '344IMG_20211011_131458.jpg', '1'),
(814, '35', '28', 'We are almost there.\n\nThe owner is very particular about the patented shape of our clipper.\n\nIt\'s like a banana shape.\n\nPlease make this on last change and we are ready to print the Samurai and fire boy!\n', '380IMG_5022.jpg', '1'),
(815, '104', '28', 'I have attached notes overtop of the current model as well as another rough sketch of the character for reference. A few notes below, explaining the notes on the marked up image of the model\n\n1. Larger cuffs on the hands\n2. Larger cuffs on the shoes\n3. Extruded heart shape! Think of a candy heart (reference attached)\n4. Fingers curling more forward like he is moving his arms inward\n5. Mouth should have an extruded shape as well. Think of it as a cut out. Would like to see the wall of the mouth in a clean shape (matching the edge look of the heart)\n6. Small cheeks to accentuate the smile.\n7. The eyes are also extruded \"U\" like shapes.\n\nAdditionally I did adjust the mouth shape a little. Just want it to curve in a bit more.\n', '589image (15).png', '1'),
(816, '104', '28', '', '270NP_Toy_Revisions_1 (1).JPG', '1'),
(817, '104', '28', '', '311NP_Toy_Revisions_2 (1).JPG', '1'),
(818, '113', '28', 'sent on whatsapp ', '', '1'),
(819, '119', '28', 'I think it’s the torso it like longer and skinnier. \n', '157image4 (2).jpeg', '1'),
(820, '119', '28', '', '203image3 (5).jpeg', '1'),
(821, '119', '28', '', '877image1 (8).jpeg', '1'),
(822, '119', '28', '', '671image0 (32).jpeg', '1'),
(823, '119', '28', '', '371image2 (6).jpeg', '1'),
(824, '116', '28', 'Just another render we did maybe for some ideas', '329244620207_2946526655598932_7709643963368921189_n.mp4', '1'),
(825, '116', '28', '', '734245044128_3081253918778982_7369256094683618135_n.jpg', '1'),
(826, '116', '28', '', '155245116550_264667042214158_9111249642179077075_n.jpg', '1'),
(827, '113', '29', 'Upd oct 11', '865r21.jpg', '1'),
(828, '119', '29', 'Please send this update to client. Upd oct 11', '426R11.jpg', '1'),
(829, '120', '27', 'It\'s approved, Mark as complete project', '51999.jpg', '1'),
(830, '116', '29', 'Upd oct 11', '113r11.jpg', '1'),
(831, '74', '28', 'Send renders from different angles of the final version. ', '', '1'),
(832, '66', '28', '', '268244270880_1545194395856174_3450881596641729126_n.jpg', '1'),
(833, '66', '28', '', '754242686280_1206905436488257_796244205837662603_n.jpg', '1'),
(834, '66', '28', 'Revisions 12-10', '623tone405.pdf', '1'),
(835, '107', '32', '', '25101.jpg', '1'),
(836, '107', '32', '', '57802.jpg', '1'),
(837, '101', '32', '', '16502.jpg', '1'),
(838, '101', '32', '', '69001.jpg', '1'),
(839, '83', '32', '', '50801.jpg', '1'),
(840, '83', '32', '', '59402.jpg', '1'),
(841, '67', '32', '', '36901.jpg', '1'),
(842, '67', '32', '', '75102.jpg', '1'),
(843, '116', '28', 'The nose is still too pointy\nDid you move the hair.?\n\nMove it forward more if possible 💪🏼 (hairline)\n\n', '', '1'),
(844, '66', '30', '', '1531.jpg', '1'),
(845, '66', '30', '', '6552.jpg', '1'),
(846, '35', '30', '', '4036.jpg', '1'),
(847, '35', '30', '', '5587.jpg', '1'),
(848, '37', '41', 'take a look at another update', '8201.png', '1'),
(849, '37', '41', 'take a look at another update', '8001.png', '1'),
(850, '45', '39', 'This project is done by prashant, \nPlease directly update any revisions to prashant, Once approved, do click on approve ', '449444.jpg', '1'),
(851, '95', '29', 'Oct 11', '858r1.jpg', '1'),
(852, '116', '29', 'Oct 12', '252R21.jpg', '1'),
(853, '88', '31', '', '847glass les.jpg', '1'),
(854, '88', '31', '', '368glass es.jpg', '1'),
(855, '112', '28', 'I love it as is, my only question was to see how it would look without the rectangle around the ZNZA, like just having the ZNZA on its forehead without a border\nOther than that, it looks good', '', '1'),
(856, '107', '28', 'Looks excellent but I need it with the block that says \"Order Yours from FELIX\" below his feet.  The grey block below that I don\'t need /want.', '', '1'),
(857, '88', '28', 'Can we exaggerate the lips a little bit more, and the eye lashes just a lil thiner.\n', '', '1'),
(858, '122', '36', '', '7652.jpg', '1'),
(859, '122', '36', '', '3745.jpg', '1'),
(860, '122', '36', '', '1963.jpg', '1'),
(861, '122', '36', '', '3331.jpg', '1'),
(862, '122', '36', '', '6104.jpg', '1'),
(863, '116', '28', 'make a stand so it can stand', '', '1'),
(864, '41', '43', '', '420abacaxi.jpg', '1'),
(865, '41', '43', '', '756abacaxi.jpg', '1'),
(866, '41', '43', '', '833abacaxi.jpg', '1'),
(867, '41', '43', '', '318abacaxi.jpg', '1'),
(868, '41', '43', '', '734abacaxi.jpg', '1'),
(869, '41', '43', '', '189abacaxi.jpg', '1'),
(870, '41', '43', '', '358abacaxi.jpg', '1'),
(871, '41', '43', '', '427abacaxi.jpg', '1'),
(872, '89', '43', '', '545Boneco.jpg', '1'),
(873, '116', '29', 'Working', '299IMG_20211012_194325.jpg', '1'),
(874, '112', '29', 'Working on changes, no update yet', '618IMG_20211012_194459.jpg', '1'),
(875, '112', '29', 'Working on changes, no update yet', '188IMG_20211012_194459.jpg', '1'),
(876, '124', '29', 'Working on it, no update yet', '439IMG_20211012_195016.jpg', '1'),
(877, '116', '29', 'Upd oct 12', '180R22.jpg', '1'),
(878, '112', '29', 'Upd oct 12', '412r11.jpg', '1'),
(879, '87', '37', '', '1382938_RENDERUP.3.png', '1'),
(880, '87', '37', 'update 2', '3822938_RENDERUP.5.png', '1'),
(881, '87', '37', '', '6862938_RENDERUP.2.png', '1'),
(882, '87', '37', '', '3022938_RENDERUP.4.png', '1'),
(883, '87', '37', '', '3142938_RENDERUP.1.png', '1'),
(884, '99', '37', 'update 2', '556foryoucap.11.png', '1'),
(885, '99', '37', '', '364foryoucap.10.png', '1'),
(886, '99', '37', '', '139foryoucap.9.png', '1'),
(887, '99', '37', '', '657foryoucap.8.png', '1'),
(888, '99', '37', '', '375foryoucap.7.png', '1'),
(889, '108', '30', '', '2351.jpg', '1'),
(890, '108', '30', '', '8752.jpg', '1'),
(891, '108', '30', '', '5703.jpg', '1'),
(892, '109', '30', 'I have doubts about some details, but I\'ll wait for the client\'s requests, and possible references to evolve this project', '2481.jpg', '1'),
(893, '109', '30', '', '5682.jpg', '1'),
(894, '109', '30', '', '2723.jpg', '1'),
(895, '77', '35', 'check', '38713.10.2021_13.57.14_REC.png', '1'),
(896, '74', '35', 'check', '86113.10.2021_15.25.08_REC.png', '1'),
(897, '74', '35', 'check', '60013.10.2021_15.25.08_REC.png', '1'),
(898, '76', '38', 'TURBAN 13\n RENDER ', '389RENDER MAIND.jpg', '1'),
(899, '118', '37', '', '1982951.3.png', '1'),
(900, '118', '37', '', '3852951.4.png', '1'),
(901, '118', '37', 'Renders model', '5992951.5.png', '1'),
(902, '95', '28', 'the only thing I can see is maybe the dogs face open up his eyes a tiny bit and turn his head a bit like in the picture. Also the street signs look too squared off', '', '1'),
(903, '122', '28', 'I’m also a bit worried about the eyelashes. But I think if the eyes are brought in closer to the face maybe they won’t be an issue. I don’t want them to break off.\n', '894245199437_278598287457125_2446755112084723583_n.jpg', '1'),
(904, '73', '34', 'Revision', '509Doomun_Render_V01.jpg', '1'),
(905, '100', '38', 'rashadface Render', '195Rashadface.jpg', '1'),
(906, '101', '28', 'Client changed the design, kindly make this one.', '19620210920_121155.jpg', '1'),
(907, '88', '31', 'i made the lips bigger as i could ,if it bigger than that it will be too ugly but as you like if you want it bigger plz tell me', '419rvsd.jpg', '1'),
(908, '127', '37', '', '612stefansno4_RENDER.2.png', '1'),
(909, '127', '37', 'renders model:', '159stefansno4_RENDER.4.png', '1'),
(910, '127', '37', '', '786stefansno4_RENDER.3.png', '1'),
(911, '127', '37', '', '216stefansno4_RENDER.1.png', '1'),
(912, '127', '37', '', '289imagem_2021-10-13_161419.png', '1'),
(913, '57', '33', '', '8252906.jpg', '1'),
(914, '122', '36', 'revisions', '365correc2.jpg', '1'),
(915, '122', '36', '', '444correct1.jpg', '1'),
(916, '122', '36', '', '642correct3.jpg', '1'),
(917, '122', '36', '', '498correct3.jpg', '1'),
(918, '122', '36', '', '532correc2.jpg', '1'),
(919, '122', '36', '', '110correct1.jpg', '1'),
(920, '126', '36', '', '3473.jpg', '1'),
(921, '126', '36', '', '1412.jpg', '1'),
(922, '126', '36', '', '8674.jpg', '1'),
(923, '126', '36', '', '172color.jpg', '1'),
(924, '126', '36', '', '6251.jpg', '1'),
(925, '126', '36', '', '1465.jpg', '1'),
(926, '77', '28', 'Looks great!! The belt looks like its made up of multiple triforce symbols  and you only have to have the central triforce as the buckle \nDoes the glove look alittle high on the forearm to you?\n', '', '1'),
(927, '124', '29', 'Upd oct 13', '697r1.jpg', '1'),
(928, '124', '29', '', '591r2.jpg', '1'),
(929, '134', '31', 'i didn\'t know which pose to do ! so i made the first one .if you want the other now worries will do', '348yel.jpg', '1'),
(930, '104', '42', 'follow the final project', '157imagem_2021-10-13_220846.png', '1'),
(931, '107', '32', '', '248Work in Progress.jpg', '1'),
(932, '101', '32', '', '217Work in Progress.jpg', '1'),
(933, '106', '32', '', '512Work in Progress.jpg', '1'),
(934, '136', '34', 'Render', '6462960_Render.jpg', '1'),
(935, '95', '29', 'No update , working, updating shortly', '462IMG_20211014_044230.jpg', '1'),
(936, '135', '29', 'No update , working, updating shortly', '377IMG_20211014_044230.jpg', '1'),
(937, '106', '32', '', '87801.jpg', '1'),
(938, '106', '32', '', '71402.jpg', '1'),
(939, '107', '32', '', '76701.jpg', '1'),
(940, '135', '29', 'Update oct 14', '610r1.jpg', '1'),
(941, '135', '29', '', '561r2.jpg', '1'),
(942, '95', '29', 'Update oct 14', '849r11.jpg', '1'),
(943, '113', '29', 'Update oct 14', '693r31.jpg', '1'),
(944, '131', '29', 'Update oct 14', '690R1.jpg', '1'),
(945, '112', '28', 'ZNZA of the previous version, rest of the thing of this version ', '', '1'),
(946, '127', '28', 'Can you change the hair a bit pls\nI mean do it more volume on the hair not so flat', '', '1'),
(947, '112', '29', 'Update oct 14', '721r21.jpg', '1'),
(948, '112', '29', 'Update oct 14', '404r21.jpg', '1'),
(949, '104', '28', 'After some time with the model I\'ve had to do some reworking on my end. I\'ve attached an updated sketch for the adjustments. I want the toy to feel really animated so i\'ve adjusted his stance and arm angles a bit.\nI feel the open mouth wasn\'t reading the way I intended, so you\'ll see it is much more simplified now. I\'ve included some references for the amount of detail that we can aim for with the facial features, pulled from funko pop.\nDesign it in a way it looks like it\'s in motion, kind of mixture of 2D and 3D art\n\nExample of spongebob attached\n', '607Beautifully-transformed-2dto3d-Customer-@hencedameat.jpg', '1'),
(950, '104', '28', '', '742NPalomba_Toy_Revisions_V2.jpg', '1'),
(951, '116', '28', '', '515245535761_872941133585031_9098462402856549121_n.jpg', '1'),
(952, '116', '28', '', '469243499103_627191175108663_7167537103165446902_n.jpg', '1'),
(953, '116', '28', '', '494245307999_286763019952549_5241100675746692395_n.jpg', '1'),
(954, '116', '28', '', '798245253090_591544835592633_5778953155808288886_n.jpg', '1'),
(955, '116', '28', '', '355245696621_411391540384097_735243436586187701_n.jpg', '1'),
(956, '116', '28', 'Pls send file of this version, I am sending some edits to this model in a pdf but need file of this version first\n', '401haikislion.pdf', '1'),
(957, '135', '28', 'Can we just remove the display base, everything else is 100% perfect', '', '1'),
(958, '125', '36', '', '2803.jpg', '1'),
(959, '125', '36', '', '6485.jpg', '1'),
(960, '125', '36', '', '3926.jpg', '1'),
(961, '125', '36', '', '333COLOR.jpg', '1'),
(962, '125', '36', '', '4172.jpg', '1'),
(963, '125', '36', '', '4754.jpg', '1'),
(964, '125', '36', '', '1471.jpg', '1'),
(965, '126', '28', 'Eyes same like picture\nHe\'s looking fat so make him a little thinner\nSame shape of eyebrows and everything', '', '1'),
(966, '134', '28', '', '244245327705_581893909676487_9179605016759090047_n.jpg', '1'),
(967, '134', '28', '', '737245371374_1274266866351141_684466258690175837_n.jpg', '1'),
(968, '134', '28', 'Revision 15-10-2021', '644britneysboy.pdf', '1'),
(969, '110', '28', 'Make it look more like a helmet-like shape instead of headphones', '743245482278_125388549850762_8577763579818036489_n.jpg', '1'),
(970, '110', '28', '', '105245507175_543481743388500_3164474558478046025_n.jpg', '1'),
(971, '110', '28', '', '680245816098_573153244022847_8310915038306459224_n.jpg', '1'),
(972, '107', '28', '', '194245884676_1199098823934032_196891191842591887_n.jpg', '1'),
(973, '107', '28', '', '846245514347_255517569843313_8360657564228404184_n.jpg', '1'),
(974, '107', '28', 'Revisions 15-10-2021', '857prietostatue.pdf', '1'),
(975, '126', '36', '', '770REVISION3.jpg', '1'),
(976, '126', '36', '', '892REVISION2.jpg', '1'),
(977, '126', '36', '', '729REVISION1.jpg', '1'),
(978, '78', '30', '', '7791.jpg', '1'),
(979, '113', '28', '15-10-2021\nI\'ve attached a jpeg with some redlines on it to show you what I mean. \n- Move the eyes and nose up so the top of the nose touches the red line and the bottom of the eyes touches the red line.\n- Straighten out the wrist above the cuff so it\'s straight rather than curving outward. \n- The width of the thumb needs to come in ever so slightly. I marked lines where I thought they should be. \n- One of the creases of the fingers needs to angle just a tad more. \n', '612Grim Glove Round 3.jpg', '1'),
(980, '131', '28', '15-10-2021\nLove the design. If possible I\'d like to make a few minor changes. I\'d like the head to be smooth, and to make the eyes protrude more, like in the attached picture. If the transition from head to neck could be made smooth as well, put more space between the words on the spine of the book, the tread on the shoes could be slightly different from each other, even if in minor ways, rather than just mirrored. Thank you so much, I think with a few minor revisions it will be exactly what I\'m looking for! \n', '295Untitled3695.jpg', '1'),
(981, '37', '28', '', '379image0 (34).jpeg', '1'),
(982, '37', '28', '15-10-2021\nHello, I included a reference of a toy I’ve worked on in the past of my mascot.\nThe Eyelit should be 3D, the Keyhole waist should be brought in tighter & the back of the figure should be smooth flush between the circle for a head & the Triangular body.\n', '825image1 (9).jpeg', '1'),
(983, '89', '28', '', '536244470155_295422065482567_7808914284337862732_n.jpeg', '1'),
(984, '89', '28', '15-10-2021\nSee attached images with notes.\n\nShorten torso\nFace in and rounded\nShould look like a child and not a lanky teen\nRaise the ears slightly, should be above lowest part of face\n', '513245043814_255355456600861_1135643224451558867_n.jpeg', '1'),
(985, '89', '28', '', '128244804430_1248644185562979_5386171178582453041_n (1).jpeg', '1'),
(986, '89', '28', '', '536243691288_313558043866858_4434336891547376044_n.jpeg', '1'),
(987, '89', '28', '', '861244747369_226588536123689_2422662307774415434_n.jpeg', '1'),
(988, '135', '29', 'Update oct 15', '', '1'),
(989, '135', '29', 'Update oct 15. Base removed', '250r3.jpg', '1'),
(990, '113', '29', 'Update oct 15', '135R41.jpg', '1'),
(991, '116', '29', 'Update oct 15. I sculpted it the most accurate to the reference. Smooth sharpen angles as requested. Need to make the revision on actual Renders please, ', '552r31.jpg', '1'),
(992, '130', '29', 'Update oct 14', '349ZBrush Document.jpg', '1'),
(993, '131', '29', 'No update, working on it. Will Update shortly', '850IMG_20211014_212214.jpg', '1'),
(994, '144', '29', 'No update, working on it. Will Update shortly', '', '1'),
(995, '107', '32', '', '163Work in Progress.jpg', '1'),
(996, '110', '32', '', '826Work in Progress.jpg', '1'),
(997, '128', '32', '', '52102.jpg', '1'),
(998, '128', '32', '', '19901.jpg', '1'),
(999, '149', '32', '', '414Work in Progress.jpg', '1'),
(1000, '148', '32', '', '525Work in Progress.jpg', '1'),
(1001, '132', '34', 'Render', '2602956_Render.jpg', '1'),
(1002, '127', '37', '', '117stefansno4_RENDR.6.jpg', '1'),
(1003, '127', '37', 'update 01', '111stefansno4_RENDR.9.jpg', '1'),
(1004, '127', '37', '', '309stefansno4_RENDR.5.jpg', '1'),
(1005, '127', '37', '', '817stefansno4_RENDR.7.jpg', '1'),
(1006, '127', '37', '', '469stefansno4_RENDR.8.jpg', '1'),
(1007, '137', '37', '', '217chrisrunner_render (2).jpg', '1'),
(1008, '137', '37', 'Model Renders', '365chrisrunner_render (1).jpg', '1'),
(1009, '137', '37', '', '113chrisrunner_render (3).jpg', '1'),
(1010, '137', '37', '', '848chrisrunner_render (4).jpg', '1'),
(1011, '137', '37', '', '427chrisrunner_render (5).jpg', '1'),
(1012, '110', '32', '', '36401.jpg', '1'),
(1013, '110', '32', '', '22302.jpg', '1'),
(1014, '110', '32', '', '87803.jpg', '1'),
(1015, '150', '33', '', '516mmmm.jpg', '1'),
(1016, '150', '33', '', '711mmmmm.jpg', '1'),
(1017, '150', '33', '', '155mm.jpg', '1'),
(1018, '141', '34', 'Render', '234Rosas1_Render.jpg', '1'),
(1019, '102', '32', '', '32701.jpg', '1'),
(1020, '102', '32', '', '28102.jpg', '1'),
(1021, '149', '32', '', '47702.jpg', '1'),
(1022, '149', '32', '', '71701.jpg', '1'),
(1023, '107', '32', '', '18302.jpg', '1'),
(1024, '107', '32', '', '30501.jpg', '1'),
(1025, '118', '28', 'Is there away to make maybe garden thicker on the Z axis? You never know what it would look like in 3D. Seems thin so I was wondering if garden was thinker it would act as stand, yes?\n\nI think I was hoping for something to sit on our desk for live shows. Would a thicker Z axis on everything look good? \n\nJust trying to get more of a peace to show off and sits on the desk. \n\nI’d admire your work sir so you tell me what you think.\n', '', '1'),
(1026, '150', '33', '', '309Moonlight.jpg', '1'),
(1027, '122', '28', '15-10\nIt’s looking better. But now the cheeks are clipping the jacket collar. And the hair is still not quite right, especially the side parts. They should be one slab not separate strands. The lips should also be more round at the top, no Cupid’s bow. And I’m still worried about the stomach not being smooth. Basically if it can be as close to my 3D model I sent, the happier I’ll be. Sorry for being particular but I really want it to be perfect. Haha. Also I’m thinking maybe the tag on her arm and the arm patch on the other aren’t needed. I’m worried about it in modeling. \nAgain, sorry. If you can bring it closer to my 3D model then hopefully I’ll be a happy camper! Haha\n', '', '1'),
(1028, '114', '27', '', '865123.jpg', '1'),
(1029, '116', '28', 'Can you make the changes that I sent with images and send me file of current version? ', '', '1'),
(1030, '122', '36', '', '580rev2.jpg', '1'),
(1031, '122', '36', '', '248rev3.jpg', '1'),
(1032, '122', '36', '', '567rev6.jpg', '1'),
(1033, '122', '36', '', '795rev7.jpg', '1'),
(1034, '122', '36', '', '692rev1.jpg', '1'),
(1035, '122', '36', '', '789rev5.jpg', '1'),
(1036, '122', '36', '', '344rev4.jpg', '1'),
(1037, '110', '28', 'Last revisions and we should be good to go\n', '822245641185_134170732278962_7955697580719178788_n.jpg', '1'),
(1038, '116', '29', 'The changes were Made as requested. All changes and versions are posted here in the portal, I don\'t get it. Do You need me to upload again the images that I already uploaded? Please refer to the last render update for revisión. Will upload again', '144r31.jpg', '1'),
(1039, '8', '28', 'I m so sorry to very delay.\nCan you go back to original T shirt .\nSushi boss logo on white T -shirt?\nHair color & short etc.. is same just change T shirt', '708243076202_2635774266568536_4000528631331150945_n (1).jpg', '1'),
(1040, '102', '28', 'This is really good ! You have incorporated all of my comments, with one small exception. \n\nThe missing change relates to (perhaps) the most \"surreal\" aspect of his face.\n\nHis lower lip serves as the bottom of the face/as his chin. So if you leave every part of the face \"as is\" but make what is now his \"chin\" into his \"lower lip\" then I believe the design will be 100% perfect and complete.\n\nAgain, I\'m very pleased with the changes that have been made. Check out my prior comments and I think you will see that the lower lip was supposed to become the chin.\n', '', '1'),
(1041, '137', '28', '16-10 : Two things..\nThe hands are more like Mickey Mouse hands\nThe spaces on elbows and knees are patches so should be out not in\nOther than that… let’s lose the exclamation point on the helmet', '', '1'),
(1042, '150', '28', '16-10: Wow.. this is great. I really like it. I just have 2 edits if possible. Im attaching the edits I mocked up on procreate, but basically I want to add a bit more volume on the upper lip and on the nostrils. Let me know if that makes sense. \n', '135155mm.jpg', '1'),
(1043, '113', '28', '16-10: 95% there! We just missed the note about the bottom of the thumb width. It just needs to come in a little bit more. My last attachment has some red lines where I think it should be. Once we do that, we should be good to go!\n', '667Grim Glove Round 3 (1).jpg', '1'),
(1044, '132', '28', 'Can we remove the background base and stack the items on one another? ', '', '1'),
(1045, '44', '40', 'the file is expired,i have to work on it.', '', '1'),
(1046, '139', '37', '', '687webb05d2e_RENDER.1.png', '1'),
(1047, '139', '37', 'Renders', '675webb05d2e_RENDER.3.png', '1'),
(1048, '139', '37', '', '882webb05d2e_RENDER.2.png', '1'),
(1049, '102', '32', '', '424Work in Progress.jpg', '1'),
(1050, '110', '32', '', '693Work in Progress.jpg', '1'),
(1051, '147', '32', '', '152Work in Progress.jpg', '1'),
(1052, '8', '32', '', '701Work in Progress.jpg', '1'),
(1053, '142', '34', 'Render', '331Rosas2_Render.jpg', '1'),
(1054, '118', '37', 'I increased the thickness of the model, I believe it will come out perfectly in print...', '4032951_RENDER (2).png', '1'),
(1055, '118', '37', '', '3132951_RENDER (3).png', '1'),
(1056, '150', '33', 'Hello there! glad you liked it. there are no mockup/edits attached, please provide if you have. otherwise its all clear. volume on upper lip and nostrils', '', '1'),
(1057, '132', '34', 'Revision', '3542956_Render_V01.jpg', '1'),
(1058, '113', '29', 'Update oct 16', '486R51.jpg', '1'),
(1059, '131', '29', 'Update oct 16. Made eyes to pop out as requested and attached to the Main reference, changed font for letters. Please Made corrections on actual Renders, and or indicate font name is the current one is not as desired. Thanks', '483R11.jpg', '1'),
(1060, '144', '29', 'Update oct 16', '485R1.jpg', '1'),
(1061, '148', '32', '', '41502.jpg', '1'),
(1062, '148', '32', '', '19701.jpg', '1'),
(1063, '151', '32', '', '85801.jpg', '1'),
(1064, '151', '32', '', '55002.jpg', '1'),
(1065, '101', '32', '', '43002.jpg', '1'),
(1066, '101', '32', '', '36301.jpg', '1'),
(1067, '110', '32', '', '44201.jpg', '1'),
(1068, '110', '32', '', '38102.jpg', '1'),
(1069, '84', '32', '', '71402.jpg', '1'),
(1070, '84', '32', '', '53701.jpg', '1'),
(1071, '84', '32', '', '46902.jpg', '1'),
(1072, '84', '32', '', '75001.jpg', '1'),
(1073, '77', '35', '', '34816.10.2021_21.01.21_REC.png', '1'),
(1074, '153', '27', '', '63118.jpg', '1'),
(1075, '123', '36', '', '7111.jpg', '1'),
(1076, '123', '36', '', '7514.jpg', '1'),
(1077, '123', '36', '', '2093.jpg', '1'),
(1078, '123', '36', '', '5712.jpg', '1'),
(1079, '123', '36', '', '3186.jpg', '1'),
(1080, '123', '36', '', '1515.jpg', '1'),
(1081, '152', '40', '', '2751.jpg', '1'),
(1082, '153', '28', 'Put a base to it and increase number of stems at the bottom to make it stand, also increase strength of the roots ', '', '1'),
(1083, '153', '27', '', '289Hole.jpg', '1'),
(1084, '89', '43', '', '215boneco2.png', '1'),
(1085, '153', '28', 'Put a base to it and increase number of stems at the bottom to make it stand, also increase strength of the roots', '', '1'),
(1086, '118', '28', 'I loved the way you had it before with it not filled in. I was just wanting the depth of it thicker.\nExtruded outward. Not filling it in. \n\nMy bad maybe I explained it wrong.\n\nI hope that makes sense now.\n\nLet me know what you think.\n', '', '1'),
(1087, '113', '28', 'Sorry I don’t think I explained it very well. I need the part that is the pad of the thumb near the flat area that needs to be brought in a little bit. \n\nI attached a new file with a red line of where I’m thinking it should be brought in. I think if we trim off a little bit of the width on the bottom part of the thumb where the “thumbnail” would be on a regular hand and the. Increase the width above it where it attaches to the palm so it goes over the fingers just a tiny bit more. That should do it then!\n', '867image_6487327 (2).JPG', '1'),
(1088, '101', '28', 'aanu navu model aapelu chhe ena par kaam karvanu chhe, updated design picture attached', '28720210920_121155.jpg', '1'),
(1089, '104', '42', 'follow the final project', '110imagem_2021-10-16_221937.png', '1'),
(1090, '134', '31', '', '599yel rvsd.jpg', '1'),
(1091, '113', '29', 'Update oct 17', '832r51.jpg', '1'),
(1092, '130', '29', 'Please provide feedback on revision', '', '1'),
(1093, '150', '28', 'Could I see it in the gray skin? It’s hard to tell on this one.\n', '', '1'),
(1094, '123', '28', '', '688245876638_237681448385185_5294002860099503388_n.jpg', '1'),
(1095, '123', '28', '17-10-2021', '546stefansdragon.pdf', '1'),
(1096, '123', '28', '', '763246077705_270985464923693_1285617243298648069_n.jpg', '1'),
(1097, '150', '33', '', '3012962.mpg', '1'),
(1098, '87', '28', '17-10 Revisions', '280Revision-2-Smoothing.jpg', '1'),
(1099, '89', '28', '18-10: Can you shorten the torso a little and widen the sleeves so they match the angle of his robe?\n', '', '1'),
(1100, '86', '28', '', '322Revisions-01.jpg', '1'),
(1101, '86', '28', '18-10: This is looking great so far. Please see my notes for revisions and additional file for the basic line work.\n', '769Basic-Line-Work-Dirty-Flamingo-FLAT-PNG.png', '1'),
(1102, '130', '28', 'sent on whatsapp', '', '1'),
(1103, '104', '28', '18-10: 1. Can we add the small cheek curves around his mouth? Very subtle would be great.\n2. Make his top lip a little closer to the heart shape (just not sticking out as far)\n', '785Screen Shot 2021-10-17 at 4.50.02 PM.png', '1'),
(1104, '123', '36', '', '123rev4.jpg', '1'),
(1105, '123', '36', '', '666rev2.jpg', '1'),
(1106, '123', '36', '', '282rev1.jpg', '1'),
(1107, '123', '36', '', '163rev3.jpg', '1'),
(1108, '134', '28', '18-10: Hi! So these are the three issues I’m still having. I really would like for you to replicate this as close as possible. The circled areas are what’s throwing me off.\nI forgot to Mark the feet as well. If they can be flatter like the model I’d greatly appreciate it.', '520Untitled.png', '1'),
(1109, '86', '36', '', '408rev22.jpg', '1'),
(1110, '86', '36', '', '203rev11.jpg', '1'),
(1111, '101', '32', '', '266Work in Progress.jpg', '1'),
(1112, '84', '32', '', '161Work in Progress.jpg', '1'),
(1113, '146', '32', '', '586Work in Progress.jpg', '1'),
(1114, '137', '37', 'update 01\n', '748imagem_2021-10-18_025001.png', '1'),
(1115, '118', '37', '', '641imagem_2021-10-18_025905.png', '1'),
(1116, '118', '37', '', '239imagem_2021-10-18_025935.png', '1'),
(1117, '87', '37', 'update03', '8942938.png', '1'),
(1118, '111', '37', 'Render\n', '493rodneyslogo_RENDER2.png', '1'),
(1119, '111', '37', '', '734rodneyslogo_RENDER3.png', '1'),
(1120, '111', '37', '', '429rodneyslogo_RENDER1.png', '1'),
(1121, '102', '32', '', '86901.jpg', '1'),
(1122, '73', '34', 'Revision_01', '898Doomun_Render_V02.jpg', '1'),
(1123, '8', '32', '', '25301.jpg', '1'),
(1124, '8', '32', '', '12802.jpg', '1'),
(1125, '147', '32', '', '43701.jpg', '1'),
(1126, '147', '32', '', '74902.jpg', '1'),
(1127, '150', '28', 'Add a base so it can stand', '', '1'),
(1128, '100', '38', 'What happen bro ', '', '1'),
(1129, '160', '29', 'Update oct 18', '443R1.jpg', '1'),
(1130, '160', '29', '', '508R2.jpg', '1'),
(1131, '130', '29', 'Update oct 18', '313R1.jpg', '1'),
(1132, '160', '29', 'Update oct 18. Added Detail to hat ', '898R3.jpg', '1'),
(1133, '143', '38', 'rosas3', '621rosas3.jpg', '1'),
(1134, '137', '28', '19-10: Send more pictures of the render', '', '1'),
(1135, '111', '28', 'Is this okay for a jewellery charm? ', '', '1'),
(1136, '102', '28', '19-10: Well, if you go back to my comments and the original image you will see :\n (1) mustache  \n(2) upper lip \n(3) lower lip and\n(4) no chin.\nThis is a unique and important element of the design. It is the only thing that remains to be done.\nIf there is a technical  reason why this final change can\'t be made then I could accept this version. But if there isn\'t a technical issue, I would very much appreciate having this last change made.\nReally all that needs to be done is to make the current chin into a lower lip. The shape /size/contour of the face remains exactly the same.\n\nAnd of course, the upper lip must be modeled from the current version of the lower lip.', '', '1'),
(1137, '123', '28', 'Hmm the Fire doesn’t really look like fire \n\nThe monster looks dope \n\nThe logo do it smaller a bit\n\nIs the logo connected to the monster?\n\nHm the fat Logo doesn’t look good - can you do like the version before\n\nJust the logo\nI mean can you do the fire more like fire', '712245958641_266136855432273_5158158732109663615_n.jpg', '1'),
(1138, '152', '28', '19-10: This looks great overall! I\'m not sure if it\'s just the resolution of the photo, but I want to ensure that the logo on the hat can be easily seen. Is it possible to send a closeup of that, please?\n', '', '1'),
(1139, '123', '36', '', '106revi3.jpg', '1'),
(1140, '123', '36', '', '197revi2.jpg', '1'),
(1141, '123', '36', '', '809revi1.jpg', '1'),
(1142, '123', '36', '', '686revi3.jpg', '1'),
(1143, '123', '36', '', '694revi1.jpg', '1'),
(1144, '123', '36', '', '676revi2.jpg', '1'),
(1145, '157', '36', '', '8251.jpg', '1'),
(1146, '157', '36', '', '1593.jpg', '1'),
(1147, '157', '36', '', '5282.jpg', '1'),
(1148, '157', '36', '', '8344.jpg', '1'),
(1149, '137', '37', '', '525imagem_2021-10-18_213339.png', '1'),
(1150, '137', '37', '', '591imagem_2021-10-18_213417.png', '1'),
(1151, '137', '37', '', '541imagem_2021-10-18_213435.png', '1'),
(1152, '137', '37', '', '804imagem_2021-10-18_213447.png', '1'),
(1153, '137', '37', '', '504imagem_2021-10-18_213458.png', '1'),
(1154, '111', '37', 'like this? I did not understand...', '', '1'),
(1155, '89', '43', 'Boneco', '534Boneco.jpg', '1'),
(1156, '152', '40', '', '8312.jpg', '1'),
(1157, '163', '34', 'Render', '5202967_Render.jpg', '1'),
(1158, '146', '32', '', '68303.jpg', '1'),
(1159, '146', '32', '', '56701.jpg', '1'),
(1160, '146', '32', '', '78702.jpg', '1'),
(1161, '104', '42', ':)', '384imagem_2021-10-19_102230.png', '1'),
(1162, '154', '35', '', '63119.10.2021_19.02.28_REC.png', '1'),
(1163, '145', '30', '', '8871.jpg', '1'),
(1164, '145', '30', '', '1032.jpg', '1'),
(1165, '145', '30', '', '6563.jpg', '1'),
(1166, '86', '28', '20-10:Thank you very much it does look much better!\nBut there were still a few things that were missed from the basic line drawing.\nPlease see attached and let me know if you have any questions.\nadd feather shapes where noted\ncreate more space between back and neck\nreduce volume in face/neck behind beak\nbeak should be slightly larger and more angular\nrolled cigarette should be skinnier where it meets the beak\nadd feather shapes where noted\nmake top of pipeline larger than bottom (follow shape as shown)\nPlease refer the the simulated version with corrections.\n', '213Revisions-02.jpg', '1'),
(1167, '73', '28', '20-10: The only thing is for the lip and teeth to be pushed back so the teeth are touching the lip above.\n\nOther than that, amazing!\n', '276Screen Shot 2021-10-18 at 7.33.15 PM.png', '1'),
(1168, '154', '28', 'Always send multiple renders with different angles', '', '1'),
(1169, '111', '28', 'It\'s kind of flat right? ', '', '1'),
(1170, '104', '28', 'Send side view renders ', '', '1'),
(1171, '96', '29', 'Update oct 19', '2751.jpg', '1'),
(1172, '96', '29', '', '8692.jpg', '1'),
(1173, '96', '29', '', '4583.jpg', '1'),
(1174, '96', '29', '', '7134.jpg', '1'),
(1175, '96', '29', '', '2775.jpg', '1'),
(1176, '96', '29', '', '2675.jpg', '1'),
(1177, '96', '29', '', '8766.jpg', '1'),
(1178, '96', '29', '', '6617.jpg', '1'),
(1179, '123', '28', '20-10: The fire looks much better :)\nCan you do it big lower\nAnd the logo also much better :)\nThe fire not to high or Big', '', '1'),
(1180, '145', '28', '20-10: Awesome. Everything looks great. He’s supposed to have sunglasses on. No need for the oval in the background. Very well done, can the sunglasses be added, please?\nI meant the circle in the background can be omitted. This is the best yet. ', '', '1'),
(1181, '146', '28', '20-10: Put The Words On The Shirt which are there in the reference picture', '', '1'),
(1182, '145', '30', '', '1851.jpg', '1'),
(1183, '145', '30', '', '8402.jpg', '1'),
(1184, '145', '30', '', '4323.jpg', '1'),
(1185, '145', '30', '', '2934.jpg', '1'),
(1186, '123', '36', '', '846rev11.jpg', '1'),
(1187, '123', '36', '', '164rev33.jpg', '1'),
(1188, '123', '36', '', '537rev22.jpg', '1'),
(1189, '44', '40', 'Expired', '', '1'),
(1190, '104', '42', '', '193imagem_2021-10-19_235747.png', '1'),
(1191, '140', '44', '', '2212961_Render.jpg', '1'),
(1192, '102', '32', '', '742Work in Progress.jpg', '1'),
(1193, '146', '32', '', '118Work in Progress.jpg', '1'),
(1194, '144', '29', 'Please provide feedback for changes or confirm design. Update oct 20. ', '', '1'),
(1195, '160', '29', 'Please provide feedback for changes or confirm design. Update oct 20.', '', '1'),
(1196, '130', '29', 'Please provide feedback for changes or confirm design. Update oct 20.', '', '1'),
(1197, '131', '29', 'Please provide feedback for changes or confirm design. Update oct 20.', '', '1'),
(1198, '124', '29', 'Please provide feedback for changes or confirm design. Update oct 20. One week and no feedback', '', '1'),
(1199, '92', '29', 'Please provide feedback for changes or confirm design. Update oct 20. 10 days from last update and no feedback', '', '1'),
(1200, '73', '34', 'Revision_02', '399Doomun_Render_V03.jpg', '1'),
(1201, '129', '31', '', '534kjh.jpg', '1'),
(1202, '162', '36', '', '2763.jpg', '1'),
(1203, '162', '36', '', '8874.jpg', '1'),
(1204, '162', '36', '', '2712.jpg', '1'),
(1205, '162', '36', '', '4565.jpg', '1'),
(1206, '162', '36', '', '5131.jpg', '1'),
(1207, '134', '31', '', '209goog.jpg', '1'),
(1208, '146', '32', '', '52904.jpg', '1'),
(1209, '101', '32', '', '46701.jpg', '1'),
(1210, '101', '32', '', '17502.jpg', '1'),
(1211, '129', '28', '20-10: One request I do have is are you able to make the bolts on the end more prominent. I attached an image of our original logo for a better reference as the design I sent is an alteration.  Appreciate your help moving forward! \n', '519image0 (37).jpeg', '1'),
(1212, '157', '28', 'Revisions 20-10', '561244464061_124646449945551_832954630142701640_n.jpg', '1'),
(1213, '157', '28', '', '500247701328_611269343334957_7485941148073551944_n.jpg', '1'),
(1214, '157', '28', '', '168241260619_414078523566503_6143547725992870939_n.jpg', '1'),
(1215, '162', '28', '', '693243560202_1287890551631783_2625972909224718311_n.jpg', '1'),
(1216, '162', '28', '', '125246766662_380941957088515_3707400315717491027_n.jpg', '1'),
(1217, '162', '28', '', '478246540060_241440278008777_9190624730169682151_n.jpg', '1'),
(1218, '162', '28', '', '657247572632_909235673357514_4639257135482957258_n.jpg', '1'),
(1219, '162', '28', 'Revisions 20-10', '450withoutjacket.pdf', '1'),
(1220, '162', '28', '', '313247411640_603357814029472_4748669990934185631_n.jpg', '1'),
(1221, '162', '28', '', '184246428264_295043265579996_6000289373379159504_n.jpg', '1'),
(1222, '111', '37', 'yes\n', '', '1'),
(1223, '168', '40', '', '5801.jpg', '1'),
(1224, '157', '36', '', '17722.jpg', '1'),
(1225, '157', '36', '', '30133.jpg', '1'),
(1226, '157', '36', '', '23511.jpg', '1'),
(1227, '86', '36', '', '260x2.jpg', '1'),
(1228, '86', '36', '', '518x1.jpg', '1'),
(1229, '34', '29', 'This project was initilizated almost a month ago. After a lot of revisión and changes of reference, it was finished. It is needed You to provide feedback or approve it. Thanks', '', '1'),
(1230, '134', '28', '', '375246570469_655298822521461_3467948137686277534_n.jpg', '1'),
(1231, '134', '28', '', '597246459010_675631816749328_8329291889402659066_n.jpg', '1'),
(1232, '134', '28', '', '653246481096_400922431687286_7458007066383475371_n.jpg', '1'),
(1233, '134', '28', 'Revisions 21-10', '145britneysboy.pdf', '1'),
(1234, '162', '36', '', '316x1.jpg', '1'),
(1235, '162', '36', '', '843x2.jpg', '1'),
(1236, '140', '28', '21-10: 1) Hair should be more bulbous, like balls instead of actual hair curls.\n2) Extend mouth slightly and lower. Adjust smile shape.\n3) Change nose to flat raised button.\n4) Extend hair bangs forward slightly.\n5) Swirl indented on hair balls.\n6) Slim down face a bit.\n7) Bring bottom jaw in. Reduce underbite.\n8) Shorten pinky finger.\n9) Extend right leg sock (ONLY RIGHT LEG SOCK).\n\nI have attached an image over the 3-D rendering you gave me. I made markings for more precise corrections.\n', '2722212961_Render_REVISIONS1.jpg', '1'),
(1237, '168', '28', '', '181246709294_309289900603454_9211513141389339844_n.jpg', '1'),
(1238, '168', '28', '', '537246514917_893666244604289_9039725153074538483_n.jpg', '1'),
(1239, '168', '28', '21-10 Revisions', '188sepulveda.pdf', '1'),
(1240, '168', '40', 'Where is should put the wings can you please draw this I am not getting.', '', '1'),
(1241, '169', '32', '', '577Work in Progress.jpg', '1'),
(1242, '133', '37', 'Renders:\n', '453mickeyofsteve.4.png', '1'),
(1243, '133', '37', '', '702mickeyofsteve.3.png', '1'),
(1244, '133', '37', '', '880mickeyofsteve.2.png', '1'),
(1245, '133', '37', '', '460mickeyofsteve.1.png', '1');
INSERT INTO `projectchat` (`id`, `project_id`, `sendby`, `description`, `image`, `seen`) VALUES
(1246, '133', '37', '', '107mickeyofsteve.5.png', '1'),
(1247, '133', '37', '', '491mickeyofsteve.6.png', '1'),
(1248, '168', '40', '', '8042.jpg', '1'),
(1249, '169', '32', '', '84601.jpg', '1'),
(1250, '169', '32', '', '62202.jpg', '1'),
(1251, '37', '41', 'take a look at this update', '452now hoome 2.png', '1'),
(1252, '37', '41', 'take a look at this update', '878now hoome 2.png', '1'),
(1253, '154', '35', 'hey my phonw is dead i lost all number please messege me again on whatsapp \n', '82121.10.2021_20.15.09_REC.png', '1'),
(1254, '154', '35', '', '40721.10.2021_20.14.53_REC.png', '1'),
(1255, '22', '30', '', '5931.jpg', '1'),
(1256, '22', '30', '', '7682.jpg', '1'),
(1257, '22', '30', '', '8403.jpg', '1'),
(1258, '22', '30', '', '8094.jpg', '1'),
(1259, '160', '28', 'Hi looking great, I have some notes please see attached images. Thank you \n', '501image3 (7).jpeg', '1'),
(1260, '160', '28', '', '608image2 (9).jpeg', '1'),
(1261, '160', '28', '', '598image0 (39).jpeg', '1'),
(1262, '160', '28', '', '806image1 (12).jpeg', '1'),
(1263, '168', '28', '21-10: Just the spike in the middle of the top if I can remove it\nThe 4  wings look amazing tho\nOver coming pain\nI like the design just trying to\nRemove that spike on the top', '', '1'),
(1264, '85', '28', 'So moving one cone from the top to the side and smoothing out the area on the back so that it doesn’t look like two cones sitting on his head takes 2 weeks when you created the whole model in roughly 4 days.  There are way more complex shapes in the model than the revision I’m asking for.    Please know that I know a revision of that sort should not take two weeks.  You have to agree that is beyond acceptable\nAlso, I’m asking for you to provide with a visual progress update, so I can fully understand what’s taking so long.  I design as well, if my clients asked me for a visual update, I have no problem providing because they are spending their money with my business.\n\nPlease do revisions of this model asap', '', '1'),
(1265, '171', '30', '', '6832.jpg', '1'),
(1266, '78', '30', '', '2621.jpg', '1'),
(1267, '78', '30', '', '3262.jpg', '1'),
(1268, '78', '30', '', '8263.jpg', '1'),
(1269, '78', '30', '', '1924.jpg', '1'),
(1270, '150', '33', 'sorry for little delay. ', '7542961_withBase.mpg', '1'),
(1271, '112', '28', 'Thank you, so after further review, I was wondering if it’s possible to see a version with a little more separation/definition between the eyes and the letters? \n', '', '1'),
(1272, '169', '28', 'I love this version of him omg! Wow, you guys are amazing 🤩 my one edit would be of his fin could poke out a little more. \nAdd a stand to it so it stands. ', '', '1'),
(1273, '133', '28', 'Just increase size of belly\n', '387247190064_309191777711339_8370433043967658919_n.jpg', '1'),
(1274, '133', '28', '', '412247204057_949947642276797_5627248243382710061_n.jpg', '1'),
(1275, '133', '28', '', '190244443044_610161393361087_174800240588369026_n.jpg', '1'),
(1276, '133', '28', '', '327246894280_4619873261402973_7690711803472508904_n.jpg', '1'),
(1277, '133', '28', '', '874247245389_379543550618360_3601100284101632193_n.jpg', '1'),
(1278, '171', '28', 'Send me more renders pls', '', '1'),
(1279, '166', '30', '', '2994.jpg', '1'),
(1280, '166', '30', '', '5955.jpg', '1'),
(1281, '171', '30', '', '3002.jpg', '1'),
(1282, '171', '30', '', '7573.jpg', '1'),
(1283, '171', '30', '', '1654.jpg', '1'),
(1284, '171', '30', '', '7793.jpg', '1'),
(1285, '171', '30', '', '7581.jpg', '1'),
(1286, '138', '34', 'Render', '482Webb05d_Render.jpg', '1'),
(1287, '167', '44', 'Render', '131Ericskeleton_Render.jpg', '1'),
(1288, '140', '44', 'Revision', '6152961_Render_V01.jpg', '1'),
(1289, '85', '32', '', '34801.jpg', '1'),
(1290, '85', '32', '', '72802.jpg', '1'),
(1291, '169', '32', '', '69102.jpg', '1'),
(1292, '169', '32', '', '82201.jpg', '1'),
(1293, '168', '40', '', '6013.jpg', '1'),
(1294, '172', '32', '', '435Work in Progress.jpg', '1'),
(1295, '112', '29', 'As the actual eye\'s placement and size Match the 2d logo, Please could You indicate in actual render the desired separation distance for eyes. Thanks', '', '1'),
(1296, '172', '32', '', '52101.jpg', '1'),
(1297, '172', '32', '', '43702.jpg', '1'),
(1298, '172', '32', '', '40403.jpg', '1'),
(1299, '133', '37', '', '498mickeyofsteve.10.png', '1'),
(1300, '133', '37', 'Update 02', '718mickeyofsteve.11.png', '1'),
(1301, '133', '37', '', '754mickeyofsteve.7.png', '1'),
(1302, '133', '37', '', '168mickeyofsteve.8.png', '1'),
(1303, '133', '37', '', '716mickeyofsteve.9.png', '1'),
(1304, '143', '28', 'Design hand like this one pls and check the currency details on the main reference sent', '842234Rosas1_Render (1).jpg', '1'),
(1305, '141', '28', 'add a base', '', '1'),
(1306, '142', '28', 'add a base', '', '1'),
(1307, '144', '28', 'add a base', '', '1'),
(1308, '78', '28', '23-10: This looks amazing! Thank you. Is there a way to add the flames? That\'s an important part for this piece, being that it\'s titled \"hot seat\"\nAlso involving the snakes, they also have an eye in the middle of thir heads!\nWith them coiling behind the throne. Which would be hidden within the flames\n', '', '1'),
(1309, '167', '28', '23-10: So the purpose for this sculpture is to hang on the wall or be glued to a wall to protrude from the wall- for that reason it needs to be flat along the back, As said below I only need you guys to illustrate 50% of the design from the middle going forward. So the middle of his rib cage and only half of his skull. So if you turned the 3D illustration so you are looking at it from the side, sliced down the middle top to bottom. Currently he is hollow so if you fill his chest and squish his shin/feet back against his upper leg there won\'t be that empty space. I included a screenshot below to show what I mean, file called \"example\". \n\nSecondly, as mentioned in the email below- I carve my designs in linoleum, so those little squiggle carve marks are really important to my branding. I need those squiggles (specifically the orientation of the ones in the illustration) embedded into the body and skull of the 3D illustration. The \"blank\" skeleton without the carve squiggles was just a \"gu', '551Example.jpg', '1'),
(1310, '140', '28', '23-10: I think the revisions went a bit too far. I have some changes that I want back from the original design and some combined with the new.\n1. Change nose back to original nose.\n2. Use top of head from original that swoops down into the new ball curls. (combine original with the new edit)\n3. Change face back to original face.\n4. Side curls more circular like the back curls.\n', '1122961_Render_V01_BARC.jpg', '1'),
(1311, '', '28', '', '', '0'),
(1312, '112', '28', 'The desired separation distance is not fixed, can you just make another version and send me renders so I can get approval from the client if he wants this version or new. ', '', '1'),
(1313, '150', '28', '23-10: make base smaller in diameter and send render picture please not video. ', '', '1'),
(1314, '160', '29', 'Update oct 23', '836r1.jpg', '1'),
(1315, '160', '29', '', '866r2.jpg', '1'),
(1316, '144', '29', 'Update oct 23', '854R2.jpg', '1'),
(1317, '112', '29', 'Update oct 23', '341r21.jpg', '1'),
(1318, '170', '34', 'Render', '4542973_Render.jpg', '1'),
(1319, '142', '34', 'Revision', '541Rosas2_Render_V01.jpg', '1'),
(1320, '141', '34', 'Revision', '577Rosas1_Render_V01.jpg', '1'),
(1321, '143', '38', 'rosas3', '509rosas3 final.jpg', '1'),
(1322, '165', '32', '', '56501.jpg', '1'),
(1323, '165', '32', '', '70503.jpg', '1'),
(1324, '165', '32', '', '35802.jpg', '1'),
(1325, '166', '28', 'May I know the reason why you didn\'t send the all views? \nI do not see the front or any perspective angles\n', '', '1'),
(1326, '167', '44', 'Revision', '504Ericskeleton_Render_V01.jpg', '1'),
(1327, '140', '44', 'Revision_02', '1302961_Render_V02.jpg', '1'),
(1328, '129', '31', 'i changed the body to the new logo', '386asd.jpg', '1'),
(1329, '134', '31', '', '368yels.jpg', '1'),
(1330, '143', '28', 'Can you add a base to it', '', '1'),
(1331, '140', '28', '23-10: Very close! Just a few more revisions:\n\n1. Bring swirls back on forehead and top of head.\n2. Bring back socks. Left leg sock is pulled down a bit and right sock is high on the calf.\n', '7941302961_Render_V02_BARC.jpg', '1'),
(1332, '171', '28', '23-10: The top view with glasses I think wasn’t supposed to be in this one\nThe only thing for this one is the bottom part.  Last bunny was wearing pants, this one is not.  Only the shoes.  Maybe removing one line from bottom so that I doesn’t look like the seems of pants\n', '120247480233_584332972818198_2680047753501460830_n.jpg', '1'),
(1333, '143', '38', 'Circular base ', '', '1'),
(1334, '140', '44', '', '6112961_Render_V03.jpg', '1'),
(1335, '172', '28', '', '758247815068_292048095918965_2782684346597574536_n.jpg', '1'),
(1336, '172', '28', '', '250248285968_5214386981923192_3809094563281963851_n.jpg', '1'),
(1337, '172', '28', '', '747247080272_668025190850038_802049040846682935_n.jpg', '1'),
(1338, '172', '28', '', '463247496540_406938727626400_7574367826567327351_n.jpg', '1'),
(1339, '172', '28', '', '332247458349_428579642032573_3036497781671340573_n.jpg', '1'),
(1340, '172', '28', '23-10 Revision', '817monsterface.pdf', '1'),
(1341, '172', '28', '', '669247238617_983388095852315_5359561793165513272_n.jpg', '1'),
(1342, '133', '28', 'Pls send renders of side and back angles ', '', '1'),
(1343, '165', '28', '24-10: Hi, the model looks great! Can we improve the bangs? They look strange and very unnatural. \n', '', '1'),
(1344, '167', '28', '24-10: Thank you for adding the squiggles! Ang pushing the legs back to the pelvis of the skeleton. There are still some important items that have been left out even after the last two emails. \n\nSuper important:\n\n1- Please see attached image- it needs to be cut along the line here and made completely flat on the back so that I can attack this flat against a wall. The head/ribcage/pelvis/legs need to be flat against a wall. \n\n2- The eyes need to be like the original image I sent, I\'ll attach that below as well. Two rings in the left socket, one smaller ring in the right socket. \n\n3- The blobs on the top of the head need to be smoothed out please- those ripples on the top of the head I mean. They can just be smoothed out. \n\n4-A new item: Can we please scoot the toes and the feet bones together a little tighter? I\'m going to be making a mold of this to pour my own little figures for wall mounting- I\'m worried that the toes will be soooo fragile and may chip off. If we crowd them closer th', '316Screen Shot 2021-10-23 at 9.41.39 AM.png', '1'),
(1345, '112', '28', '24-10: I want this style just with more eye definition\n', '336247915844_162994012711592_5750602720287782441_n.jpg', '1'),
(1346, '134', '28', '24-10: Okay I really really appreciate it. Please let them know to use the yellow gloomer image to get an idea of how I need the legs to attach to the body and how smooth the sides should be.\nAnd then shape wise, the rain drop shape to make the back and front sides less T-shirt looking.\n', '864247478318_373484547896793_4523805804522015310_n.jpg', '1'),
(1347, '134', '28', '', '657247196034_1019560285284391_7430213838317065282_n.jpg', '1'),
(1348, '168', '28', 'Latest renders were approved - pls paste the link to download the file in the notepad and submit it. ', '', '1'),
(1349, '143', '28', 'Base like this ', '434541Rosas2_Render_V01.jpg', '1'),
(1350, '143', '38', 'rosas3 with base', '360rosas3 base.jpg', '1'),
(1351, '168', '40', 'https://we.tl/t-c1P2DZTgP1', '', '1'),
(1352, '167', '44', 'Revision_02', '159Ericskeleton_Render_V02.jpg', '1'),
(1353, '180', '44', 'Render', '7552976_Render.jpg', '1'),
(1354, '150', '33', '', '529Screenshot_3.jpg', '1'),
(1355, '150', '33', '', '274Screenshot_2.jpg', '1'),
(1356, '150', '33', '', '366Screenshot_4.jpg', '1'),
(1357, '150', '33', '', '318Screenshot_1.jpg', '1'),
(1358, '150', '33', 'sorry for video, getting use to new system\n', '', '1'),
(1359, '180', '28', '', '7932976_Render (1).jpg', '1'),
(1360, '160', '29', 'REVISION but no feedback or instructions. Could You tell me why is unde \"revisión\" status?', '', '1'),
(1361, '160', '29', 'Please send feedback on actual tenders', '', '1'),
(1362, '160', '28', 'There are 2 pictures with instructions ', '338image1 (15).jpeg', '1'),
(1363, '160', '28', '', '668image0 (42).jpeg', '1'),
(1364, '167', '28', '25-10: It’s sooooo close! These couple alterations please and then we are good to go! I appreciate your time very much\n', '244248408147_190228863259551_1626848121134364634_n.jpg', '1'),
(1365, '112', '29', 'Update oct 24', '446r31.jpg', '1'),
(1366, '136', '28', '25-10: If possible, could you shorten the length of the circled section just a smallll bit?  \n\nAnd I don’t believe I payed for a print unfortunately, just the file/model. If my printing doesn’t go as planned can I contact you to have one made?\nAnd the only other thing I could see, maybe you could try to plump up and round off the tips of the shoes a bit, I feel like it may looker cooler than the drawing 😀 thank you so much I love it. Bad picture but I tried to represent it haha.\nLAST THINGS PROMISE!! I just noticed on the leg the pants don’t wraps all the way around, if possible could you just make the pants continue where the seam is, just making the pants go all the way around? And if possible some small depth where his bottom would be! Haha, like maybe some small little butt cheek depth 😂 , and that would be everything!!! Thank you so much I appreciate the revisions. ', '', '1'),
(1367, '91', '28', '25-10: The skeleton seem a bit out of scale. It’s a little too big. Can we scale it down and move it back slightly\nNot so close to the front\nThe hood angles down ward can we raise it a little bit and push it in a little bit so it’s not too long\nAnd last thing. Can we push the bottom of the windshields forward a little. Just so the angle 📐 between the hood and windshields isn’t so extreme\n', '', '1'),
(1368, '102', '28', 'Need revisions of this project ', '', '1'),
(1369, '169', '28', '25-10: Awesome. ideally he could have 4 arms, so add two on his back. And if he could have just a generic spray paint can besides him somewhere we could be done. Spray paint can shouldn’t be taller than his knees. 🙏\n\nSkip the spray paint can ❌\nFor a total of 4 arms, keep the 2 front arms', '663247549444_389957302776473_5291210137913423338_n.jpg', '1'),
(1370, '180', '44', 'Revision_01', '2312976_Render_V01.jpg', '1'),
(1371, '165', '32', '', '506Work in Progress.jpg', '1'),
(1372, '172', '32', '', '716Work in Progress.jpg', '1'),
(1373, '102', '32', '', '316Work in Progress.jpg', '1'),
(1374, '169', '32', '', '898Work in Progress.jpg', '1'),
(1375, '184', '32', '', '136Work in Progress.jpg', '1'),
(1376, '176', '32', '', '561Work in Progress.jpg', '1'),
(1377, '181', '40', '', '4401.jpg', '1'),
(1378, '179', '44', 'Render', '2662977_Render.jpg', '1'),
(1379, '167', '44', 'Revision_03', '204Ericskeleton_Render_V03.jpg', '1'),
(1380, '160', '29', 'Update oct 25', '624R21.jpg', '1'),
(1381, '91', '34', 'Revision_01', '289luismoran_Render_V01.jpg', '1'),
(1382, '136', '34', 'Revision_01', '8742960_Render_V01.jpg', '1'),
(1383, '184', '32', '', '31401.jpg', '1'),
(1384, '184', '32', '', '37602.jpg', '1'),
(1385, '169', '32', '', '77402.jpg', '1'),
(1386, '169', '32', '', '11301.jpg', '1'),
(1387, '165', '32', '', '84001.jpg', '1'),
(1388, '102', '32', 'ama (1) mustache (2) upper lip (3) lower lip and (4) no chin.   ma idea nathi avto, referance image mangavi lejo.', '', '1'),
(1389, '123', '28', 'Can you show me the logo separately\nWith a Podest', '', '1'),
(1390, '91', '28', 'These are same renders, getting negative feedbacks from client. Please do the revisions and send the renders. ', '', '1'),
(1391, '66', '28', '25-10: Can we make the handle of the syth a little longer\nAlso can we me it so the platform is detachable.  Also if we can put my logo on the bottom of said platform', '811Untitled_Artwork (4).jpg', '1'),
(1392, '133', '37', '', '399imagem_2021-10-25_135853.png', '1'),
(1393, '133', '37', '', '201imagem_2021-10-25_140242.png', '1'),
(1394, '133', '37', '', '707imagem_2021-10-25_140357.png', '1'),
(1395, '166', '30', '', '3631.jpg', '1'),
(1396, '166', '30', '', '8462.jpg', '1'),
(1397, '166', '30', '', '4623.jpg', '1'),
(1398, '166', '30', '', '3254.jpg', '1'),
(1399, '166', '30', '', '4325.jpg', '1'),
(1400, '171', '30', '', '4221.jpg', '1'),
(1401, '171', '30', '', '5152.jpg', '1'),
(1402, '171', '30', '', '5823.jpg', '1'),
(1403, '171', '30', '', '6584.jpg', '1'),
(1404, '102', '28', '', '389248671632_278686374150756_1693781579004521405_n (1).jpg', '1'),
(1405, '102', '28', 'Revisions 25-10-2021', '837This is really good.pdf', '1'),
(1406, '129', '28', 'You guys are amazing!!! The only adjustment with this version is is the bottom bolt neck area able to be shortened or reduced a little. I attached an image of the area I\'m describing. This looks so incredible!!!', '204image0 (43).jpeg', '1'),
(1407, '84', '28', '25-10: Thank you!  What program are you using?  Is it not possible to get the texture?  I know in Maya we could do scratch or comb details.   Then at the back of the dress it still has that bubble look not smooth .  Not referring to the texture but the base shape.\nI shared it at the meeting and they asked me about the texture, the back of the gown is still bubbly looking so I really don’t know if it’s just not anything you can do.  The pictures I have sent you show the texture and the back of the dress is smooth and defined with texture.  I hope I am giving you what you need.\n\nTexture, gown pachad thi, shape, badhu sarkhu karvanu chhe..reference pictures already sent earlier ', '', '1'),
(1408, '136', '28', '26-10: Absolutely wonderful!!! Thank you!! The more I see the butt in contrast to the original, the more I like your original renders butt hahaha😣 is there anyway we could get the butt area back closer to the way you had it? Or if not, even revert it to the original butt if you have to? I just worry it may look like too much bottom for a small guy hahaha. Thank you so much, after the butt I that’ll be everything!!\n', '', '1'),
(1409, '173', '37', 'is it something like that you want or something flat like a logo?', '657imagem_2021-10-25_153628.png', '1'),
(1410, '179', '28', '26-10: Just like the glasses, can you add engrave marks for the skin of the print?\n\nAlso, the hair on the back shouldnt be hair, its more connected to the jaw, like a scruffy fur on the face, not like a mullet', '', '1'),
(1411, '66', '30', '', '8497.jpg', '1'),
(1412, '66', '30', '', '8228.jpg', '1'),
(1413, '66', '30', '', '3889.jpg', '1'),
(1414, '160', '28', 'Send file of this version and make one more version with this changes\n\nA version plain that means take off / remove:\nthe circle on top of hat\nthe Gimme words\nall raindrops and puddle\nmake button on stomach blank\n\nSend file of this version first ', '', '1'),
(1415, '78', '30', '', '5541.jpg', '1'),
(1416, '78', '30', '', '2232.jpg', '1'),
(1417, '78', '30', '', '1053.jpg', '1'),
(1418, '78', '30', '', '1664.jpg', '1'),
(1419, '165', '28', '', '151Screenshot_20211025-150341_Gmail.jpg', '1'),
(1420, '166', '28', '26-10: need s lots of work please look at drawing isent lt looks like it but looat the shapes anddeminions on stuff in my guess this is a real ruff mock up look at car no bumper even the anatomy on fig is good but the details are way off look at winged helmet and go from there jf\n', '', '1'),
(1421, '66', '28', 'Stick of syth a bit longer and beveled at bottom    ,  and make his hand so he can hold it.\nAnd I think that’s all', '', '1'),
(1422, '167', '28', '26-10: That looks awesome! I know we’ve gone back and forth a lot but my only last critique would be if we can make the rings in the eyes and the teeth more crisp, like the squiggle lines in the body. So they are more pronounced. That’s all. Then we are good to go 🙏🏻🙏🏻🙏🏻\n', '', '1'),
(1423, '169', '28', 'add a base so it can stand ', '', '1'),
(1424, '123', '36', 'I don\'t know what \"podest\" means, but if you want I can add that background to the logo to make it printable.', '240logo1.jpg', '1'),
(1425, '123', '36', '', '469logo2.jpg', '1'),
(1426, '123', '36', '', '601logo3.jpg', '1'),
(1427, '66', '30', 'about the fit of the scythe in the hand I believe you did it around before the impression, right? if you want me to make some kind of cut, pass me as you wish. tks', '33210.jpg', '1'),
(1428, '66', '30', '', '47010.jpg', '1'),
(1429, '169', '32', '', '10403.jpg', '1'),
(1430, '165', '32', '', '63502.jpg', '1'),
(1431, '167', '44', 'Revision_04', '845Ericskeleton_Render_V04.jpg', '1'),
(1432, '153', '27', '', '322Screenshot 2021-10-15 at 2.14.24 PM.png', '1'),
(1433, '121', '27', '', '103Screenshot 2021-10-15 at 2.14.24 PM.png', '1'),
(1434, '161', '36', '', '5384.jpg', '1'),
(1435, '161', '36', '', '5802.jpg', '1'),
(1436, '161', '36', '', '6401.jpg', '1'),
(1437, '161', '36', '', '4123.jpg', '1'),
(1438, '183', '32', '', '89201.jpg', '1'),
(1439, '183', '32', '', '44102.jpg', '1'),
(1440, '183', '32', '', '11703.jpg', '1'),
(1441, '136', '34', 'Revision_02', '2232960_Render_V02.jpg', '1'),
(1442, '172', '32', '', '70301.jpg', '1'),
(1443, '172', '32', '', '79303.jpg', '1'),
(1444, '172', '32', '', '67302.jpg', '1'),
(1445, '179', '44', 'Revision_01', '3392977_Render_V01.jpg', '1'),
(1446, '66', '28', 'If we print syth separately it should fit in the hand, can you design it in that way? ', '', '1'),
(1447, '166', '30', '', '1131.jpg', '1'),
(1448, '166', '30', '', '5282.jpg', '1'),
(1449, '166', '30', '', '7613.jpg', '1'),
(1450, '166', '30', '', '7534.jpg', '1'),
(1451, '166', '30', '', '4665.jpg', '1'),
(1452, '173', '28', '26-10: revisions ', '396248335920_660229181654197_7953950694820786158_n.jpg', '1'),
(1453, '173', '28', '', '880248926443_281274700528127_1956575553833677042_n.jpg', '1'),
(1454, '173', '28', '', '574248368555_400801785070065_3324882105412653908_n.jpg', '1'),
(1455, '173', '28', '', '438248382129_566494701122315_8235848959429934929_n.jpg', '1'),
(1456, '78', '28', '27-10: Hello my friends! I\'ve attached the reference image again. The eyes on the snake from the first render were perfect. The snakes just needed an additional single eye in the middle of the head between them. The snakes both still don\'t have scales. And the thumbs are still going inside inside render\n\nAs far as the flames, is there a way to clean them up? To avoid the looking too busy or cluster with the final print out?\n', '592248172149_231850255676824_2768799830566854105_n.jpg', '1'),
(1457, '172', '28', '27-10: revision ', '447Tip of the nose.pdf', '1'),
(1458, '172', '28', '', '451248455440_1489885461393456_8613932424846956026_n.jpg', '1'),
(1459, '37', '28', '27-10: Good morning, the eyelit looks perfect.\nIt \nI would just make his Back Smooth & flush & taper the waist in a touch.\nI just marked the image below with Red where the hips should come in a little while remaining symmetrical.\n', '477image0 (6).png', '0'),
(1460, '78', '30', '', '6881.jpg', '1'),
(1461, '78', '30', '', '7883.jpg', '1'),
(1462, '78', '30', '', '2895.jpg', '1'),
(1463, '41', '28', 'Polygon is the shape of the of the pineapple’s body\nNo base is needed\n', '698248363645_403453324811015_5405139259725531056_n.jpg', '0'),
(1464, '41', '28', '', '845248371788_578927286698371_2781833053555380502_n.jpg', '0'),
(1465, '41', '28', '', '533243178567_943088399635343_9139210171527233384_n.jpg', '0'),
(1466, '175', '44', 'Render ', '224herringsangel_Render.jpg', '1'),
(1467, '186', '36', '', '4121.jpg', '1'),
(1468, '186', '36', '', '5724.jpg', '1'),
(1469, '186', '36', '', '4272.jpg', '1'),
(1470, '186', '36', '', '7103.jpg', '1'),
(1471, '175', '28', 'add a base so it can stand', '', '1'),
(1472, '173', '37', 'does he have only one eye?', '', '1'),
(1473, '188', '37', 'I didn\'t really understand the concept of the left arm, can you clarify?', '', '1'),
(1474, '172', '32', '', '365Work in Progress.jpg', '1'),
(1475, '102', '32', '', '673Work in Progress.jpg', '1'),
(1476, '84', '32', '', '499Work in Progress.jpg', '1'),
(1477, '91', '34', '', '700luismoran_Re_04.jpg', '1'),
(1478, '91', '34', '', '218luismoran_Re_03.jpg', '1'),
(1479, '91', '34', '', '456luismoran_Re_02.jpg', '1'),
(1480, '91', '34', 'Revision_02', '656luismoran_Re_01.jpg', '1'),
(1481, '175', '44', 'Revision_01', '473Herringsangle_Render_V01.jpg', '1'),
(1482, '160', '29', 'Update oct 27', '349r41.jpg', '1'),
(1483, '160', '29', 'Update oct 27', '449Screenshot_2021-10-27-03-27-51-031_com.google.android.gm.jpg', '1'),
(1484, '160', '29', '', '802Screenshot_2021-10-27-03-29-55-652_com.whatsapp.jpg', '1'),
(1485, '188', '28', 'There are no specific instructions from client, can you try to design it as in the picture? ', '', '1'),
(1486, '173', '28', '2 eyes, lashes of second eye can be seen in the reference picture/ ', '', '1'),
(1487, '186', '28', '', '886248601316_858828764797783_8603024687139411676_n.jpg', '1'),
(1488, '186', '28', '', '231248971015_1832166290287093_6540108765504588528_n.jpg', '1'),
(1489, '186', '28', '', '709248501456_302503808099371_1594482799944835478_n.jpg', '1'),
(1490, '186', '28', '27-10 Revisions ', '457brushman.pdf', '1'),
(1491, '179', '28', 'fire! the hair is still a bit off, the hair should be all the way til the mouth part as shown on picture! heres other examples\n', '203unnamed (22).png', '1'),
(1492, '84', '32', '', '28504.jpg', '1'),
(1493, '84', '32', '', '40901.jpg', '1'),
(1494, '84', '32', '', '21502.jpg', '1'),
(1495, '84', '32', '', '54003.jpg', '1'),
(1496, '91', '28', '27-10: The skeleton looks better. But I think the designer for got my other request\nHe didn’t push back the hood\n', '334248723084_1594122650935826_6407674184620552678_n.jpg', '1'),
(1497, '186', '36', 'I added some extra tentacles on the other side because it was weird,( if you don\'t like it I take them off), I put the paint bucket at the same level as the tentacles and with the flat end so that it can stand on its own', '806,x1.jpg', '1'),
(1498, '186', '36', '', '339x5.jpg', '1'),
(1499, '186', '36', '', '414x4.jpg', '1'),
(1500, '186', '36', '', '687x2.jpg', '1'),
(1501, '186', '36', '', '395x3.jpg', '1'),
(1502, '186', '28', '28-10: Can I have an angle sent to me directly from the back of the figure?\nCan you adjust the brush to be shorter?\nNo longer than where I marked\nI’d like to see it from the back as well 🙂\n', '478248822669_1089939658481347_5102541248825926116_n.jpg', '1'),
(1503, '186', '36', '', '680S3.jpg', '0'),
(1504, '186', '36', '', '545S1.jpg', '0'),
(1505, '186', '36', '', '563S2.jpg', '0'),
(1506, '187', '32', '', '792Work in Progress.jpg', '0'),
(1507, '176', '32', '', '58302.jpg', '0'),
(1508, '176', '32', '', '68001.jpg', '0'),
(1509, '155', '34', 'Render', '374Stannysfigure_Render.jpg', '0'),
(1510, '91', '34', 'push back the hood please check old and new ', '280luismoran_Render.jpg', '0');

-- --------------------------------------------------------

--
-- Table structure for table `projects`
--

CREATE TABLE `projects` (
  `id` int(11) NOT NULL,
  `name` varchar(1000) DEFAULT NULL,
  `deadline` varchar(1000) DEFAULT NULL,
  `amount` varchar(1000) DEFAULT NULL,
  `p_desc` varchar(1000) DEFAULT NULL,
  `date` varchar(1000) DEFAULT NULL,
  `time` varchar(1000) DEFAULT NULL,
  `user_type` varchar(1000) DEFAULT NULL,
  `status` varchar(1000) DEFAULT NULL,
  `chat` varchar(1000) DEFAULT NULL,
  `created_date` timestamp(6) NOT NULL DEFAULT current_timestamp(6) ON UPDATE current_timestamp(6),
  `type` varchar(255) NOT NULL
) ENGINE=InnoDB DEFAULT CHARSET=utf8mb4;

--
-- Dumping data for table `projects`
--

INSERT INTO `projects` (`id`, `name`, `deadline`, `amount`, `p_desc`, `date`, `time`, `user_type`, `status`, `chat`, `created_date`, `type`) VALUES
(1, 'T_1', '', '0', 'Try to make it as much accurate as much possible ', '21-09-2021', '01:18:22', '1', '3', '0', '2021-11-03 06:14:21.839065', 'project'),
(2, '10270 (4)', '', '25', '2 characters ', '21-09-2021', '01:50:44', '28', '3', '0', '2021-11-03 06:14:26.725505', 'project'),
(3, '2886', '', '25', 'Reference picture attached ', '21-09-2021', '01:51:31', '28', '3', '0', '2021-11-03 06:14:30.814470', 'project'),
(4, '2888', '', '25', 'Reference picture attached ', '21-09-2021', '01:52:01', '28', '3', '0', '2021-11-03 06:14:36.550121', 'project'),
(5, '2889', '', '25', 'Reference picture attached ', '21-09-2021', '01:52:22', '28', '3', '0', '2021-11-03 06:14:40.020708', 'project'),
(6, 'willier', '', '25', 'Client wants the names too. ', '21-09-2021', '01:55:20', '28', '3', '0', '2021-11-03 06:14:43.810774', 'project'),
(7, '2884', '', '25', 'Try to make it as much accurate as much possible ', '21-09-2021', '05:37:10', '28', '1', NULL, '2021-11-03 06:14:47.604076', 'project'),
(8, 'Kazuo_toon', '', '25', 'Follow the Main_Reference Cartoon image, That is our primary project, \r\n\r\nThe other photos are just the references', '21-09-2021', '05:43:27', '28', '3', '0', '2021-11-03 06:14:51.081220', 'project'),
(9, 'mohamz pizza', '', '25', 'Follow the main reference - Character holding a pizza \r\nThe rest images are for anatomy reference (just incase if that helps) \r\n\r\nAdd the logo on the back side of the tshirt ', '21-09-2021', '06:10:29', '28', '3', '0', '2021-11-03 06:18:45.686640', 'project'),
(10, 'mazdatukn', '', '25', 'read the instruction pdf', '22-09-2021', '03:13:08', '28', '3', '0', '2021-11-03 06:18:49.145367', 'project'),
(11, 's4playash', '', '25', 'Image attached ', '22-09-2021', '05:06:04', '28', '3', '0', '2021-11-03 06:18:52.369145', 'project'),
(12, 'ashleyp', '', '25', 'Link to see more reference pictures\r\n\r\nhttps://imgur.com/gallery/kTlcX?fbclid=IwAR1txdj5GrUzQHh8IC_1GBc6O5sxAx1cr5LyYx-huQ_XCjT6c4daCUt9Xg0', '22-09-2021', '05:20:53', '28', '3', '0', '2021-11-03 06:18:59.467779', 'project'),
(13, '10287', '', '25', 'Need colored renders of this one please. ', '22-09-2021', '06:36:45', '28', '3', '0', '2021-11-03 06:19:01.838650', 'project'),
(14, 'gosa02', '', '25', 'Put a base for it to stand on it\'s own', '22-09-2021', '07:38:40', '28', '3', '0', '2021-11-03 06:19:06.418161', 'project'),
(15, 'mron old men', '', '25', 'Read notes', '23-09-2021', '12:22:44', '28', '3', '0', '2021-11-03 06:19:15.901568', 'project'),
(16, 'mron bugs', '', '25', 'read notes', '23-09-2021', '12:23:07', '28', '3', '0', '2021-11-03 06:19:21.209964', 'project'),
(17, 'stefanzor', '', '25', 'Picture attached', '23-09-2021', '12:32:21', '28', '3', '0', '2021-11-03 06:19:25.012937', 'project'),
(18, 'keonmoun', '', '25', 'Picture attached ', '23-09-2021', '01:19:32', '28', '3', '0', '2021-11-03 06:19:30.539828', 'project'),
(19, 'jwalden', '', '25', 'PFA', '23-09-2021', '04:15:12', '28', '3', '0', '2021-11-03 06:19:33.995087', 'project'),
(20, 'Eric_toon', '', '25', 'Try to make it as much accurate as possible', '23-09-2021', '06:00:59', '28', '3', '0', '2021-11-03 06:19:36.690402', 'project'),
(21, '2890', '', '25', 'Make it Accurate', '23-09-2021', '06:42:55', '28', '3', '0', '2021-11-03 06:19:43.281107', 'project'),
(22, 'Zombie Bear', '', '25', ' I want the zombie bear who has a similar body style to the blue monster \r\n\r\n- Main task is to create a Zombie bear, based on the references, (Do not post it, Keep the A post) as we will be make hand moving and legs moving (In printing) \r\n\r\nYour task needs to be to create a zombie bear, also attached a body style reference of another model, \r\nNote: We have to make a zombie bear (Find image named main_reference) \r\n\r\nIt requires full-body 3D sculpting ', '23-09-2021', '06:49:40', '1', '1', NULL, '2021-11-03 06:19:45.972999', 'project'),
(23, 'edersonf', '', '25', 'Put the logo on the back\r\nand Omerta worldwide on the bottom of the logo', '25-09-2021', '12:22:38', '28', '1', NULL, '2021-11-03 06:19:50.492203', 'project'),
(24, 'hughesjo', '', '25', 'Don\'t accept this project assigned to another Artist ', '25-09-2021', '10:55:30', '28', '3', '0', '2021-11-03 06:19:53.400955', 'project'),
(25, '2891', '', '25', 'Make it Accurate', '23-09-2021', '09:20:41', '28', '3', '0', '2021-11-03 06:19:56.060944', 'project'),
(26, 'wizdom.udo', '', '25', 'PFA', '23-09-2021', '11:28:26', '28', '3', '0', '2021-10-30 07:45:08.971721', ''),
(27, 'farmboutique02', '', '25', 'Don\'t accept this project assigned to an Artist ', '25-09-2021', '10:56:36', '28', '3', '0', '2021-10-30 07:45:08.971721', ''),
(28, 'jewellersintl', '', '25', 'PFA', '24-09-2021', '12:59:07', '28', '3', '0', '2021-10-30 07:45:08.971721', ''),
(29, 'imran_deer', '', '25', 'PFA', '24-09-2021', '03:09:47', '28', '3', '0', '2021-10-30 07:45:08.971721', ''),
(30, '2892', '', '25', 'Make it accurate, ', '24-09-2021', '05:43:12', '28', '3', '0', '2021-10-30 07:45:08.971721', ''),
(31, 'gassshack', '', '25', 'PFA', '24-09-2021', '07:02:52', '28', '3', '0', '2021-10-30 07:45:08.971721', ''),
(32, 'tmpr95al', '', '25', 'PFA', '24-09-2021', '08:42:19', '28', '3', '0', '2021-10-30 07:45:08.971721', ''),
(33, 'jemesiasd', '', '25', 'PFA', '24-09-2021', '08:43:40', '28', '3', '0', '2021-10-30 07:45:08.971721', ''),
(34, 'ajsmith8994', '', '25', 'Assigned to artist don\'t take this project ', '25-09-2021', '05:53:22', '28', '1', NULL, '2021-10-30 07:45:08.971721', ''),
(35, '2893', '', '25', 'Try to make it as much accurate as much possible', '24-09-2021', '11:31:03', '28', '3', '0', '2021-10-30 07:45:08.971721', ''),
(36, '2894', '', '25', 'Try to make it as much accurate as much possible', '24-09-2021', '11:31:24', '28', '3', '0', '2021-10-30 07:45:08.971721', ''),
(37, '2895', '', '25', 'We do not require pegs, \r\nbut please create legs, arms, body, and eyes Separate. \r\n\r\nOur main reference is the vector art that is there, and the sketches are for the references. \r\n\r\noriginally - Character with 6 pieces total with no socket or pegs added ( 2 Legs, 2 arms, Body & Eyeball)\r\n\r\nIn the file I sent you there’s the NowHome font.\r\nWould it effect the 3D print to engrave that text under the right foot?\r\n\r\n\r\nIf any of the query, feel free to reach us :) ', '26-09-2021', '12:45:45', '28', '1', NULL, '2021-10-30 07:45:08.971721', ''),
(38, 'alexbgailey', '', '25', 'PFA', '25-09-2021', '05:14:59', '28', '3', '0', '2021-10-30 07:45:08.971721', ''),
(39, 'lavines3', '', '25', 'PFA', '25-09-2021', '05:15:52', '28', '1', NULL, '2021-10-30 07:45:08.971721', ''),
(40, 'baezor78', '', '25', '2 characters \r\nAlso I wanted to mention that the Goblin on the top is running from stone slab left foot on the stone slab and right foot picking up to jump\r\n', '25-09-2021', '11:14:14', '28', '3', '0', '2021-10-30 07:45:08.971721', ''),
(41, 'hospitalitying', '', '25', 'like a pineapple', '26-09-2021', '07:50:00', '28', '1', NULL, '2021-10-30 07:45:08.971721', ''),
(42, 'johnnys4d', '', '25', 'PFA', '25-09-2021', '05:55:03', '28', '3', '0', '2021-10-30 07:45:08.971721', ''),
(43, '2896', '', '25', 'PFA', '26-09-2021', '07:32:18', '28', '3', '0', '2021-10-30 07:45:08.971721', ''),
(44, '2898 - cancelled project', '', '25', 'This project is cancelled kindly don\'t work on this project', '16-10-2021', '10:09:40', '28', '1', NULL, '2021-10-30 07:45:08.971721', ''),
(45, '2901', '', '25', 'I want it to be a key chain or car ornament', '26-09-2021', '07:34:59', '28', '3', '0', '2021-10-30 07:45:08.971721', ''),
(46, '2900', '', '25', 'PFA', '26-09-2021', '07:35:31', '28', '3', '0', '2021-10-30 07:45:08.971721', ''),
(47, '2899', '', '25', 'PFA', '26-09-2021', '07:35:49', '28', '3', '0', '2021-10-30 07:45:08.971721', ''),
(48, 'graterolj', '', '25', 'I would like to make a sculpture with a piece of sigital art I have\r\n', '27-09-2021', '03:46:22', '28', '3', '0', '2021-10-30 07:45:08.971721', ''),
(49, 'Skiny trees', '', '25', 'Try to make it as much accurate as possible. \r\n\r\nDetails Required, Below the trees', '27-09-2021', '07:33:01', '28', '3', '0', '2021-10-30 07:45:08.971721', ''),
(50, 'Heart with shoe', '', '25', 'PDF attached', '28-09-2021', '12:37:00', '28', '3', '0', '2021-10-30 07:45:08.971721', ''),
(51, '2904', '', '25', 'Try to make it accurate', '28-09-2021', '12:55:09', '28', '3', '0', '2021-10-30 07:45:08.971721', ''),
(52, '2905', '', '25', 'Make it Accurate', '28-09-2021', '01:17:27', '28', '3', '0', '2021-10-30 07:45:08.971721', ''),
(53, '2905', '', '25', 'PFA', '28-09-2021', '04:48:43', '28', '3', '0', '2021-10-30 07:45:08.971721', ''),
(54, 'white head', '', '25', 'PFA', '28-09-2021', '04:54:27', '28', '3', '0', '2021-10-30 07:45:08.971721', ''),
(55, 'vago_dog', '', '25', 'PFA', '28-09-2021', '04:44:29', '28', '3', '0', '2021-10-30 07:45:08.971721', ''),
(56, 'vago_logo', '', '25', 'PFA', '28-09-2021', '04:44:48', '28', '3', '0', '2021-10-30 07:45:08.971721', ''),
(57, '2906', '', '25', 'PFA', '28-09-2021', '04:48:21', '28', '1', NULL, '2021-10-30 07:45:08.971721', ''),
(58, 'parsons_girl', '', '25', 'PFA', '28-09-2021', '11:32:09', '28', '3', '0', '2021-10-30 07:45:08.971721', ''),
(59, 'gilchrist_dust', '', '30', 'PFA', '29-09-2021', '12:00:14', '28', '3', '0', '2021-10-30 07:45:08.971721', ''),
(60, '2931', '', '25', 'Make it as much accurate as possible', '29-09-2021', '04:25:59', '28', '3', '0', '2021-10-30 07:45:08.971721', ''),
(61, 'smoothcharacter', '', '25', 'PFA\r\n\r\nI like it.. is there anywhere to bring the ears in some, an not so much gut?\r\nAn if its possible to change the spray can to a tattoo machine in his hand? If I got to pay extra lemme know,  or if it\'s not possible then that\'s fine\r\n\r\nThis is the tattoo machine.. kinds shaped like the can.. hopefully it shouldn\'t be to much of a hassle\r\n', '05-10-2021', '09:18:38', '28', '3', '0', '2021-10-30 07:45:08.971721', ''),
(62, 'Jay art', '', '25', 'Read pdf for pose info', '29-09-2021', '08:06:54', '28', '3', '0', '2021-10-30 07:45:08.971721', ''),
(63, '2930', '', '25', 'don\'t take this project.', '29-09-2021', '08:17:33', '28', '3', '0', '2021-10-30 07:45:08.971721', ''),
(64, '2933', '', '25', 'PFA', '29-09-2021', '11:08:40', '28', '3', '0', '2021-10-30 07:45:08.971721', ''),
(65, '2934', '', '25', 'Keep eyes hollow \r\n\r\nthe shape of the bell on the hat should be modeled like a Pac-Man sphere if that helps!\r\nthe world I’d like the replace it for the present\r\n\r\n', '05-10-2021', '08:45:38', '28', '3', '0', '2021-10-30 07:45:08.971721', ''),
(66, 'tone405', '', '25', 'So probably the the main Reaper with the Scythe', '30-09-2021', '07:24:31', '28', '1', NULL, '2021-10-30 07:45:08.971721', ''),
(67, '2932 (1)', '', '25', 'aa model kari dejo', '02-10-2021', '03:06:50', '28', '3', '0', '2021-10-30 07:45:08.971721', ''),
(68, '2932 (2)', '', '25', 'PFA', '30-09-2021', '11:26:25', '28', '3', '0', '2021-10-30 07:45:08.971721', ''),
(69, 'alnomad', '', '25', 'PDF attached ', '01-10-2021', '04:12:36', '28', '3', '0', '2021-10-30 07:45:08.971721', ''),
(70, 'Shelter tire2', '', '25', 'PFA', '01-10-2021', '07:44:33', '28', '3', '0', '2021-10-30 07:45:08.971721', ''),
(71, 'biztoys', '', '25', 'Read instructions on the image carefully ', '01-10-2021', '07:46:14', '28', '3', '0', '2021-10-30 07:45:08.971721', ''),
(72, '2936', '', '25', 'PFA', '02-10-2021', '01:32:20', '28', '1', NULL, '2021-10-30 07:45:08.971721', ''),
(73, 'doomun', '', '25', 'PFA', '02-10-2021', '07:10:26', '28', '3', '0', '2021-10-30 07:45:08.971721', ''),
(74, 'coleart2', '', '25', 'PFA', '02-10-2021', '07:21:12', '28', '1', NULL, '2021-10-30 07:45:08.971721', ''),
(75, 'productionst', '', '25', 'Pendant design make the back flat and add a bail ', '02-10-2021', '09:55:37', '28', '3', '0', '2021-10-30 07:45:08.971721', ''),
(76, 'turban13', '', '25', 'bust style design; like those Beethoven everyone used to see in schools', '03-10-2021', '08:38:54', '28', '3', '0', '2021-10-30 07:45:08.971721', ''),
(77, '2906', '', '25', 'Reference attached', '03-10-2021', '08:42:44', '28', '1', NULL, '2021-10-30 07:45:08.971721', ''),
(78, 'cowano', '', '25', '25', '03-10-2021', '10:10:54', '28', '3', '0', '2021-10-30 07:45:08.971721', ''),
(79, 'mazim005', '', '25', 'Chess Piece', '04-10-2021', '01:29:27', '28', '3', '0', '2021-10-30 07:45:08.971721', ''),
(80, 'mazim006', '', '25', 'PFA', '04-10-2021', '01:29:46', '28', '3', '0', '2021-10-30 07:45:08.971721', ''),
(81, 'mazim007', '', '25', 'PFA', '04-10-2021', '01:30:12', '28', '3', '0', '2021-10-30 07:45:08.971721', ''),
(82, 'pipelineec', '', '25', 'I want the detail to be crazy especially on the pounds want them to look like real sealed packs with nugs', '05-10-2021', '04:47:02', '28', '3', '0', '2021-10-30 07:45:08.971721', ''),
(83, '2937', '', '25', 'PFA', '05-10-2021', '05:03:00', '28', '3', '0', '2021-10-30 07:45:08.971721', ''),
(84, 'juliartb', '', '25', 'PFA', '05-10-2021', '05:45:39', '28', '1', NULL, '2021-10-30 07:45:08.971721', ''),
(85, 'liness_character', '', '25', 'PFA', '05-10-2021', '05:02:32', '28', '1', NULL, '2021-10-30 07:45:08.971721', ''),
(86, '2939', '', '25', 'PFA', '05-10-2021', '07:34:43', '28', '1', NULL, '2021-10-30 07:45:08.971721', ''),
(87, '2938', '', '25', 'PFA', '05-10-2021', '07:36:08', '28', '3', '0', '2021-10-30 07:45:08.971721', ''),
(88, '2940', '', '25', 'Make it like a Bust(Upto Shoulder) \r\n\r\nGoogle the bust example, Type \"3D Sculpted Bust models\" <- You will find many examples \r\n\r\nMake sure you follow the 2D drawing that is attached with the project \r\n\r\n\r\nIf possible, try to keep Visor separate ', '06-10-2021', '12:13:01', '28', '3', '0', '2021-10-30 07:45:08.971721', ''),
(89, '2941', '', '25', 'PFA', '06-10-2021', '03:59:55', '28', '3', '0', '2021-10-30 07:45:08.971721', ''),
(90, 'basementbud', '', '25', 'PFA', '06-10-2021', '06:03:27', '28', '3', '0', '2021-10-30 07:45:08.971721', ''),
(91, 'luismoran', '', '225', 'PFA', '06-10-2021', '06:04:47', '28', '1', NULL, '2021-10-30 07:45:08.971721', ''),
(92, '2945', '', '25', 'PFA', '06-10-2021', '06:18:41', '28', '3', '0', '2021-10-30 07:45:08.971721', ''),
(93, 'neilsfirst', '', '25', 'On this Angel everything except for the words on top\r\n', '07-10-2021', '02:11:35', '28', '3', '0', '2021-10-30 07:45:08.971721', ''),
(94, 'neilsecond', '', '25', 'PFA', '07-10-2021', '02:12:14', '28', '3', '0', '2021-10-30 07:45:08.971721', ''),
(95, 'neilthird', '', '25', 'Dog and character both ', '07-10-2021', '02:12:38', '28', '3', '0', '2021-10-30 07:45:08.971721', ''),
(96, 'berryspiano', '', '25', 'As much details as possible\r\nIt\'s Yamaha Motif ES6 Motif es6 + MLAN16E', '07-10-2021', '04:24:44', '28', '3', '0', '2021-10-30 07:45:08.971721', ''),
(97, 'artofjo', '', '25', 'Read Pdf', '07-10-2021', '07:25:51', '28', '3', '0', '2021-10-30 07:45:08.971721', ''),
(98, 'kksboy', '', '25', 'Only boy design, read pdf carefully before designing ', '07-10-2021', '07:32:00', '28', '3', '0', '2021-10-30 07:45:08.971721', ''),
(99, 'foryoucap', '', '25', 'PFA', '07-10-2021', '07:34:33', '28', '3', '0', '2021-10-30 07:45:08.971721', ''),
(100, 'rashadface', '', '25', 'Bust design', '07-10-2021', '07:36:14', '28', '3', '0', '2021-10-30 07:45:08.971721', ''),
(101, '2946', '', '25', 'I would like a print of Liza, the male character\r\nnot the female', '07-10-2021', '07:46:20', '28', '3', '0', '2021-10-30 07:45:08.971721', ''),
(102, 'prophetsofbel', '', '25', 'Read pdf before modelling ', '08-10-2021', '03:06:18', '28', '1', NULL, '2021-10-30 07:45:08.971721', ''),
(103, 'designofking', '', '25', 'PFA', '08-10-2021', '04:46:15', '28', '3', '0', '2021-10-30 07:45:08.971721', ''),
(104, '2947', '', '25', 'PFA', '08-10-2021', '08:48:32', '28', '3', '0', '2021-10-30 07:45:08.971721', ''),
(105, '2948', '', '25', 'PFA\r\n', '09-10-2021', '01:54:10', '28', '3', '0', '2021-10-30 07:45:08.971721', ''),
(106, 'snakeofmartin', '', '25', 'Do not add the lightning bolt at the end of the tail and make the tail pointy', '09-10-2021', '01:58:53', '28', '3', '0', '2021-10-30 07:45:08.971721', ''),
(107, 'prietostatue', '', '25', '3D the statue of the cat on top of the grey block without the grey block', '09-10-2021', '02:01:10', '28', '3', '0', '2021-10-30 07:45:08.971721', ''),
(108, 'dixonva1', '', '25', 'PFA', '09-10-2021', '02:05:54', '28', '3', '0', '2021-10-30 07:45:08.971721', ''),
(109, 'dixonva2', '', '25', 'pfa', '09-10-2021', '02:06:14', '28', '3', '0', '2021-10-30 07:45:08.971721', ''),
(110, 'dixonva3', '', '25', 'pfa', '09-10-2021', '02:06:32', '28', '3', '0', '2021-10-30 07:45:08.971721', ''),
(111, 'rodneyslogo', '', '25', 'This is for a jewelry charm. So make it accordingly\r\nRemember we are getting Jewelry charms made out of the logo design. Please make it with fine details', '09-10-2021', '03:08:49', '28', '3', '0', '2021-10-30 07:45:08.971721', ''),
(112, 'dubeslogo', '', '25', 'pfa', '09-10-2021', '03:10:34', '28', '3', '0', '2021-10-30 07:45:08.971721', ''),
(113, '2949', '', '25', 'I want the Grim Glove to stand on it’s own. It should look like it’s standing on the knuckles and thumb. The marks on the front should look vaguely look like a cartoon skull.', '09-10-2021', '05:35:43', '28', '3', '0', '2021-10-30 07:45:08.971721', ''),
(114, 'jerrettscat', '', '25', '\"Without the circle halo\r\n\"', '09-10-2021', '05:43:22', '28', '1', NULL, '2021-10-30 07:45:08.971721', ''),
(115, 'androrios', '', '25', 'PFA', '09-10-2021', '05:53:53', '28', '3', '0', '2021-10-30 07:45:08.971721', ''),
(116, 'haikislion', '', '25', 'pfa', '09-10-2021', '07:12:41', '28', '3', '0', '2021-10-30 07:45:08.971721', ''),
(117, 'maldonado', '', '25', 'pfa', '09-10-2021', '09:07:37', '28', '3', '0', '2021-10-30 07:45:08.971721', ''),
(118, '2951', '', '25', 'pfa', '10-10-2021', '04:54:07', '28', '3', '0', '2021-10-30 07:45:08.971721', ''),
(119, '2950', '', '25', 'pfa', '10-10-2021', '04:54:31', '28', '3', '0', '2021-10-30 07:45:08.971721', ''),
(120, 'michaelsdragon', '', '25', 'pfa', '10-10-2021', '04:59:02', '28', '3', '0', '2021-10-30 07:45:08.971721', ''),
(121, 'Cancelled', '', '25', 'don\'t work on this one it\'s duplicate project', '11-10-2021', '02:35:19', '28', '3', '0', '2021-10-30 07:45:08.971721', ''),
(122, 'diggsdoll', '', '25', 'pfa', '11-10-2021', '02:21:45', '28', '3', '0', '2021-10-30 07:45:08.971721', ''),
(123, 'stefansdragon', '', '25', 'Add the theta logo in the flames pls\r\nIn 3 D Style', '11-10-2021', '07:08:19', '28', '1', NULL, '2021-10-30 07:45:08.971721', ''),
(124, 'cacosboy', '', '25', 'Main pose is with the title main pose, ask first if you have any doubts regarding pose', '13-10-2021', '12:10:46', '28', '1', NULL, '2021-10-30 07:45:08.971721', ''),
(125, 'henrysbunny', '', '25', 'only the middle character', '13-10-2021', '02:11:38', '28', '3', '0', '2021-10-30 07:45:08.971721', ''),
(126, 'mikesmonkey', '', '25', 'PFA', '13-10-2021', '02:13:03', '28', '3', '0', '2021-10-30 07:45:08.971721', ''),
(127, 'stefansno4', '', '25', 'PFA', '13-10-2021', '02:14:14', '28', '3', '0', '2021-10-30 07:45:08.971721', ''),
(128, '2953', '', '25', 'PFA', '13-10-2021', '02:15:05', '28', '3', '0', '2021-10-30 07:45:08.971721', ''),
(129, '2952', '', '25', 'PFA', '13-10-2021', '02:15:32', '28', '1', NULL, '2021-10-30 07:45:08.971721', ''),
(130, '2954', '', '25', 'PFA', '13-10-2021', '02:16:18', '28', '3', '0', '2021-10-30 07:45:08.971721', ''),
(131, '2955', '', '25', 'PFA', '13-10-2021', '02:17:05', '28', '1', NULL, '2021-10-30 07:45:08.971721', ''),
(132, '2956', '', '25', 'PFA', '13-10-2021', '02:19:29', '28', '3', '0', '2021-10-30 07:45:08.971721', ''),
(133, 'mickeyofsteve', '', '25', 'PFA', '13-10-2021', '02:22:43', '28', '3', '0', '2021-10-30 07:45:08.971721', ''),
(134, 'britneysboy', '', '25', 'PFA', '13-10-2021', '02:27:07', '28', '1', NULL, '2021-10-30 07:45:08.971721', ''),
(135, 'kksgirl', '', '25', 'PFA', '13-10-2021', '03:41:12', '28', '3', '0', '2021-10-30 07:45:08.971721', ''),
(136, '2960', '', '25', 'PFA', '13-10-2021', '05:07:47', '28', '3', '0', '2021-10-30 07:45:08.971721', ''),
(137, 'chrisrunner', '', '25', 'PFA', '13-10-2021', '05:20:57', '28', '3', '0', '2021-10-30 07:45:08.971721', ''),
(138, 'webb05d', '', '25', '3 characters', '15-10-2021', '04:55:30', '28', '3', '0', '2021-10-30 07:45:08.971721', ''),
(139, 'webb05d2e', '', '25', 'pfa', '15-10-2021', '04:55:55', '28', '3', '0', '2021-10-30 07:45:08.971721', ''),
(140, '2961', '', '25', 'pfa', '15-10-2021', '05:12:00', '28', '3', '0', '2021-10-30 07:45:08.971721', ''),
(141, 'rosas1', '', '25', 'pfa', '15-10-2021', '05:21:18', '28', '3', '0', '2021-10-30 07:45:08.971721', ''),
(142, 'rosas2', '', '25', 'pfa', '15-10-2021', '05:21:34', '28', '3', '0', '2021-10-30 07:45:08.971721', ''),
(143, 'rosas3', '', '25', 'pfa', '15-10-2021', '05:21:50', '28', '3', '0', '2021-10-30 07:45:08.971721', ''),
(144, 'rosas4', '', '25', 'pfa', '15-10-2021', '05:22:08', '28', '3', '0', '2021-10-30 07:45:08.971721', ''),
(145, 'lionoflance', '', '25', 'Old project name Lance - Lion', '15-10-2021', '05:27:23', '28', '3', '0', '2021-10-30 07:45:08.971721', ''),
(146, 'adamsfirst', '', '25', 'pfa', '15-10-2021', '05:31:51', '28', '3', '0', '2021-10-30 07:45:08.971721', ''),
(147, 'adamssecond', '', '25', 'pfa', '15-10-2021', '05:32:12', '28', '3', '0', '2021-10-30 07:45:08.971721', ''),
(148, 'adamsthird', '', '25', 'pfa', '15-10-2021', '05:32:31', '28', '3', '0', '2021-10-30 07:45:08.971721', ''),
(149, 'adamsfourth', '', '25', 'pfa', '15-10-2021', '05:32:49', '28', '3', '0', '2021-10-30 07:45:08.971721', ''),
(150, '2962', '', '25', 'PFA', '15-10-2021', '05:35:24', '28', '3', '0', '2021-10-30 07:45:08.971721', ''),
(151, '2964', '', '25', 'pfa', '16-10-2021', '05:58:30', '28', '3', '0', '2021-10-30 07:45:08.971721', ''),
(152, '2963', '', '25', 'pfa', '16-10-2021', '05:58:53', '28', '3', '0', '2021-10-30 07:45:08.971721', ''),
(153, 'luisfruit', '', '25', 'Add a base and increase the width and number of root stems so it can take the weight of the model and stand.', '16-10-2021', '06:02:29', '28', '1', NULL, '2021-10-30 07:45:08.971721', ''),
(154, 'codysdemon', '', '25', 'Demon with the money bag', '16-10-2021', '07:40:45', '28', '1', NULL, '2021-10-30 07:45:08.971721', ''),
(155, 'stannysfigure', '', '25', '2 characters ', '17-10-2021', '06:01:45', '28', '1', NULL, '2021-10-30 07:45:08.971721', ''),
(156, 'morenosboy', '', '25', 'Make the one called Main Reference ', '17-10-2021', '06:05:06', '28', '1', NULL, '2021-10-30 07:45:08.971721', ''),
(157, 'paulsmickey', '', '25', 'pfa', '17-10-2021', '10:28:25', '28', '3', '0', '2021-10-30 07:45:08.971721', ''),
(158, '2885 (2)', '', '25', 'both characters ', '26-10-2021', '01:33:42', '28', '0', NULL, '2021-10-30 07:45:08.971721', ''),
(159, '2885 (2)', '', '25', 'both characters ', '18-10-2021', '12:37:42', '28', '0', NULL, '2021-10-30 07:45:08.971721', ''),
(160, '2885 (3)', '', '25', 'pfa', '18-10-2021', '12:38:05', '28', '1', NULL, '2021-10-30 07:45:08.971721', ''),
(161, 'withjacket', '', '25', 'read pdf', '18-10-2021', '12:53:03', '28', '1', NULL, '2021-10-30 07:45:08.971721', ''),
(162, 'withoutjacket', '', '25', 'read pdf', '18-10-2021', '12:53:25', '28', '3', '0', '2021-10-30 07:45:08.971721', ''),
(163, '2967', '', '25', 'pfa', '18-10-2021', '04:24:13', '28', '1', NULL, '2021-10-30 07:45:08.971721', ''),
(164, '2968', '', '25', 'pfa', '18-10-2021', '04:33:45', '28', '1', NULL, '2021-10-30 07:45:08.971721', ''),
(165, '2965', '', '25', 'PFA', '18-10-2021', '04:46:46', '28', '1', NULL, '2021-10-30 07:45:08.971721', ''),
(166, '2857', '', '25', 'pfa', '18-10-2021', '05:04:34', '28', '1', NULL, '2021-10-30 07:45:08.971721', ''),
(167, 'ericskeleton', '', '25', '3 files as reference', '20-10-2021', '03:05:38', '28', '3', '0', '2021-10-30 07:45:08.971721', ''),
(168, 'sepulveda', '', '25', 'Also if u want to make the shoes bigger to make a more chartoon drama to effect would be perfect even the cutter a bit thicker but the same so it can be sturdy\r\nno chain', '20-10-2021', '03:17:18', '28', '1', NULL, '2021-10-30 07:45:08.971721', ''),
(169, 'manningsdragon', '', '25', 'PFA', '20-10-2021', '03:27:32', '28', '1', NULL, '2021-10-30 07:45:08.971721', ''),
(170, '2973', '', '25', 'PFA', '20-10-2021', '03:27:52', '28', '3', '0', '2021-10-30 07:45:08.971721', ''),
(171, 'ibarra3', '', '25', 'The hula hoop doesn’t have to be added on her body\r\nRemember, it’s essentially same body type like ibarra2\r\n', '20-10-2021', '10:58:11', '28', '3', '0', '2021-10-30 07:45:08.971721', ''),
(172, 'monsterface', '', '25', 'pfa', '22-10-2021', '03:25:40', '28', '1', NULL, '2021-10-30 07:45:08.971721', ''),
(173, 'Somarriba', '', '25', 'The core of his face is a perfect circle', '23-10-2021', '04:53:54', '28', '1', NULL, '2021-10-30 07:45:08.971721', ''),
(174, 'family19', '', '25', 'Read the pdf, there are 3 characters...details of the design and pose are in the pdf', '23-10-2021', '08:43:07', '28', '0', NULL, '2021-10-30 07:45:08.971721', ''),
(175, 'herringsangel', '', '25', 'PFA', '24-10-2021', '05:50:53', '28', '3', '0', '2021-10-30 07:45:08.971721', ''),
(176, 'fishcurtis', '', '25', 'Without background ', '24-10-2021', '05:57:44', '28', '1', NULL, '2021-10-30 07:45:08.971721', ''),
(177, '2978', '', '25', 'pfa', '24-10-2021', '06:03:05', '28', '1', NULL, '2021-10-30 07:45:08.971721', ''),
(178, '2979', '', '25', 'pfa', '24-10-2021', '06:03:32', '28', '1', NULL, '2021-10-30 07:45:08.971721', ''),
(179, '2977', '', '25', 'pfa', '24-10-2021', '06:04:38', '28', '1', NULL, '2021-10-30 07:45:08.971721', ''),
(180, '2976', '', '25', 'pfa', '24-10-2021', '06:06:04', '28', '1', NULL, '2021-10-30 07:45:08.971721', ''),
(181, '2975', '', '25', 'pfa', '24-10-2021', '06:07:23', '28', '1', NULL, '2021-10-30 07:45:08.971721', ''),
(182, '2974', '', '25', 'pfa', '24-10-2021', '06:08:35', '28', '0', NULL, '2021-10-30 07:45:08.971721', ''),
(183, 'susanadanger', '', '25', 'pfa', '25-10-2021', '01:16:23', '28', '3', '0', '2021-10-30 07:45:08.971721', ''),
(184, 'beltransboy', '', '25', 'pfa', '25-10-2021', '05:48:42', '28', '1', NULL, '2021-10-30 07:45:08.971721', ''),
(185, 'webbscashier', '', '25', 'pfa', '26-10-2021', '05:55:44', '28', '1', NULL, '2021-10-30 07:45:08.971721', ''),
(186, 'brushman', '', '25', 'Please make sure the design of the paintbrush is a bit thick so it does not snap off easy\r\n', '27-10-2021', '12:48:24', '28', '1', NULL, '2021-10-30 07:45:08.971721', ''),
(187, 'penningboy', '', '25', 'pfa', '27-10-2021', '05:21:13', '28', '1', NULL, '2021-10-30 07:45:08.971721', ''),
(188, 'brooksboy', '', '25', 'pfa', '27-10-2021', '05:31:47', '28', '1', NULL, '2021-10-30 07:45:08.971721', ''),
(189, '2984', '', '25', 'Hello, If possible can we get a ring we can put infront of the figure similar to whats on the outside of the design that also has Inkfats Tattoo, so it will look like a border that we can see the figure through.', '27-10-2021', '05:10:41', '28', '1', NULL, '2021-10-30 07:45:08.971721', ''),
(190, '2980', '', '25', 'Standing pose', '27-10-2021', '10:05:13', '28', '1', NULL, '2021-10-30 07:45:08.971721', ''),
(191, 'dthomas', '', '25', 'Please see the attached picture that we would like you to design Rick Ross STL file format from named Rick Ross.  Of course, we DO NOT want his hand in the photo.  Just his head. \r\n\r\nAs a side note, I have also attached examples named \"examples\" of how we will be using the 3D image so you see how you need to send us the files. I have also \r\nattached a sample file image of Dante Alighieri so you see how the 3D image normally looks named \"sample\".\r\n\r\nlet\'s definitely use the file named Rick Ross as this is his most current clean image', '27-10-2021', '11:06:28', '28', '1', NULL, '2021-10-30 07:45:08.971721', ''),
(192, 'test_hello', '', '123', 'test_hellotest_hellotest_hellotest_hellotest_hellotest_hellotest_hellotest_hellotest_hellotest_hello', '30-10-2021', '01:06:57', '1', '0', NULL, '2021-10-30 07:45:08.971721', '');

-- --------------------------------------------------------

--
-- Table structure for table `project_image`
--

CREATE TABLE `project_image` (
  `id` int(11) NOT NULL,
  `project_id` varchar(1000) DEFAULT NULL,
  `image_name` varchar(1000) DEFAULT NULL
) ENGINE=InnoDB DEFAULT CHARSET=utf8mb4;

--
-- Dumping data for table `project_image`
--

INSERT INTO `project_image` (`id`, `project_id`, `image_name`) VALUES
(1, '1', '658DD70CEF7-1C82-4B07-8BEA-7C967B9F9F7E.jpeg'),
(2, '2', '393unnamed - 2021-09-20T031601.479.jpg'),
(3, '3', '703Screenshot_20210918-091349-327.png'),
(4, '4', '2236AD339B7-CB88-4D45-BF42-B9022DA7AD39.jpeg'),
(5, '5', '791IMG_0635.jpg'),
(6, '6', '720242336537_4315570808526625_1884732326182824504_n.png'),
(7, '7', '4339034B954-D59C-4DDC-9E63-D742B1A7345B.jpeg'),
(8, '8', '856Pants_Example.jpeg'),
(9, '8', '611tshirt_reference.jpeg'),
(10, '8', '219tshirtback.jpeg'),
(11, '8', '324Tshirt_Likethis.jpeg'),
(12, '8', '165Main_Reference.jpeg'),
(13, '9', '229Main_reference.jpeg'),
(14, '9', '325Logo At backside.jpeg'),
(15, '9', '663back anatomy reference.jpeg'),
(16, '9', '833pose_anatomy reference1.jpeg'),
(17, '9', '852Pose_Anatomy reference.jpeg'),
(18, '10', '433242589480_115158604236669_1748039821899655468_n.jpg'),
(19, '10', '435instructions.pdf'),
(20, '11', '57260D0FA0A-B21C-4832-8F24-294097A3E726.png'),
(21, '12', '896main pose.png'),
(22, '13', '160242424163_297677478356268_2359968090881126929_n.jpg'),
(23, '14', '863main reference for hand design.jpg'),
(24, '14', '767previous design we did for example.jpg'),
(25, '14', '897put this on the ring.jpg'),
(26, '15', '893241390855_210695451086554_3084721632288667768_n.jpg'),
(27, '15', '166back.jpg'),
(28, '15', '815New Text Document.txt'),
(29, '16', '267241191598_812680982703642_466450082858828372_n.jpg'),
(30, '16', '309New Text Document.txt'),
(31, '17', '441242446491_910104429859598_7560343181004868750_n.jpg'),
(32, '18', '763234757794_3627418910853195_8285224861071197533_n.jpg'),
(33, '19', '798IMG-7236.jpg'),
(34, '20', '787Eric_toon.jpeg'),
(35, '21', '101B291B43E-153F-4E9F-BDBE-6A0967C9BDF8.jpeg'),
(36, '22', '745Screenshot 2021-09-23 at 6.45.44 PM.png'),
(37, '22', '370Screenshot 2021-09-23 at 6.45.40 PM.png'),
(38, '22', '881main reference for style.jpeg'),
(39, '22', '602Main_Reference for style.jpeg'),
(40, '22', '785241872612_586766329342224_1884630745090229051_n.jpeg'),
(41, '22', '843241859446_391149919316560_8274382399519382943_n.jpeg'),
(42, '23', '883242496040_190353219869493_304063674782272070_n.jpg'),
(43, '23', '623242573430_458939275255065_8645308902823999761_n.jpg'),
(55, '25', '672E1BDAA0C-11B1-4729-929B-684469E49CEC.png'),
(56, '26', '236futureKid003.png'),
(58, '28', '725242328633_816746682353476_2880826560657790978_n.jpg'),
(59, '28', '595242381296_900150137593395_5040279484897271517_n.jpg'),
(60, '29', '741242214832_594799561660065_9071836950918992686_n.jpg'),
(61, '30', '251Screenshot 2021-09-24 at 5.40.37 PM.png'),
(62, '31', '286242603780_894135281512293_2582306494687175583_n.jpg'),
(63, '32', '510image0 (23).jpeg'),
(64, '33', '810242886821_1452245125146180_198523072369395642_n.jpg'),
(66, '35', '676SC_hair_warrior.jpg'),
(67, '36', '776Fusion.jpg'),
(68, '37', '226Screenshot 2021-09-24 at 11.34.28 PM.png'),
(69, '37', '357Screenshot 2021-09-24 at 11.34.32 PM.png'),
(70, '23', '629242610083_376300324097737_6283389692472695342_n.jpg'),
(71, '38', '725242295805_1278542159245282_8186850807400830303_n.jpg'),
(72, '39', '626242888286_936847873843386_7133533449395989958_n.jpg'),
(73, '40', '595242686227_618292502500380_2680869868869500047_n.jpg'),
(74, '41', '349242800025_3057451401157680_6009054534738424783_n.jpg'),
(75, '42', '144242767578_1050997495652371_8489516706864499344_n.jpg'),
(76, '43', '101inbound7377201660189459630.jpg'),
(89, '45', '744629C3FA5-8D52-481A-895E-A5C02FB61BBA.jpeg'),
(90, '46', '799yelly_ref_character_3D_model.jpg'),
(91, '47', '843moji_ref_character_3D_model.jpg'),
(92, '41', '799242849412_617449189281146_7637264488107183607_n.jpg'),
(93, '48', '465243178569_295559915378127_6889161616619208864_n.jpg'),
(94, '49', '189242982995_1017740439026420_5776363619468960522_n.jpeg'),
(95, '50', '829242931418_222517926576991_5623185898123476600_n.jpg'),
(96, '50', '881242972671_658805501682962_8696988163662193600_n.jpg'),
(97, '50', '713eyes.jpg'),
(98, '50', '282head.jpg'),
(99, '50', '472Heart with shoe.pdf'),
(100, '51', '862FE7EBC6D-9DBC-447A-B802-42E580949A8D (1).jpeg'),
(101, '52', '698Thaddeus-Ink_monocle.jpg'),
(102, '53', '751Thaddeus-Ink_monocle.jpg'),
(103, '54', '374242594906_942348719963322_6685246995985149359_n.jpg'),
(104, '54', '100242611685_833683060657351_6204422910424651527_n.jpg'),
(105, '54', '475242682577_472808503698818_8473227220582769670_n.jpg'),
(106, '54', '649242963204_979710382605419_1628077177307450722_n.jpg'),
(107, '55', '737243077034_662207098026830_5122677883366972097_n.jpg'),
(108, '55', '805refined kennels.png'),
(109, '56', '863243200183_1171143750076931_4622115183685521789_n.jpg'),
(110, '57', '852Untitled99_20210927030920.png'),
(111, '58', '285242320078_567295087936886_251488645106879960_n.jpg'),
(112, '59', '351243136657_548703992874967_4575609526797168713_n.jpg'),
(113, '60', '200Screenshot 2021-09-29 at 4.23.00 PM.png'),
(114, '61', '123149662830_3913702125375928_3688027214663186012_n.jpg'),
(115, '62', '184242764843_187593353483930_1868628968053062065_n.jpg'),
(116, '62', '855Jay art.pdf'),
(117, '62', '195pose.jpg'),
(119, '64', '604BBBA7231-2899-493F-A2C6-6D56625C92BB.jpeg'),
(120, '65', '169243152660_685794699478754_3989509229004694505_n.jpg'),
(121, '66', '831242806436_893105404949174_4987441481219551403_n.jpg'),
(124, '68', '405Untitled.png'),
(125, '68', '105Untitled2.png'),
(126, '69', '225SH 2D.pdf'),
(127, '70', '276234914776_4545154885517576_7368877177578653044_n.jpg'),
(128, '70', '187243308231_1166945007048874_7946343288988514570_n.jpg'),
(129, '70', '446243315871_291560455824830_503384076519150637_n.jpg'),
(130, '70', '397243499104_589208728873946_6500365641252784517_n.jpg'),
(131, '70', '763244021865_455570302773840_1418838044087797514_n.jpg'),
(132, '70', '662244033558_292970598985407_1861550739874254072_n.jpg'),
(133, '71', '622244040018_115555664120703_851722406513234139_n.jpg'),
(134, '72', '210Screenshot 2021-10-02 at 1.27.00 AM.png'),
(135, '67', '290Untitled.png'),
(136, '73', '429243525271_240978798043440_8695679595663133089_n.jpg'),
(137, '74', '637210882091_526854968733533_2541392278282814367_n.jpg'),
(138, '75', '268194921899_4605272149501325_9052653800742926604_n.jpg'),
(139, '76', '140242654859_553428752653886_7774661881050930072_n.jpg'),
(140, '77', '569243700452_164896659153489_7745648092859285419_n.jpg'),
(141, '77', '602243991125_3031257337144817_9131794921917764082_n.jpg'),
(142, '78', '730228094908_2924779161098586_4358694194141417143_n.jpg'),
(143, '79', '821bishopfront.png'),
(144, '79', '134bishopside.png'),
(145, '80', '652knight.png'),
(146, '81', '344rook.png'),
(147, '82', '216244250847_992873041273033_8766891157064073272_n.jpg'),
(148, '83', '886AE397BBD-A761-4B33-BE23-8DA594721637.jpeg'),
(149, '84', '827unnamed - 2021-10-05T053920.082.jpg'),
(150, '84', '618unnamed (1).jpg'),
(151, '84', '322unnamed (2).jpg'),
(152, '84', '694unnamed (3).jpg'),
(153, '84', '542unnamed (4).jpg'),
(154, '84', '260unnamed (5).jpg'),
(155, '84', '688unnamed (6).jpg'),
(156, '84', '464unnamed (7).jpg'),
(157, '84', '223unnamed (8).jpg'),
(158, '84', '668unnamed (9).jpg'),
(159, '84', '589unnamed (10).jpg'),
(160, '84', '720unnamed (11).jpg'),
(161, '84', '489unnamed (12).jpg'),
(162, '84', '788unnamed (13).jpg'),
(163, '84', '873unnamed (14).jpg'),
(164, '84', '345unnamed (15).jpg'),
(165, '84', '186unnamed (16).jpg'),
(166, '84', '348unnamed (17).jpg'),
(167, '84', '355unnamed (18).jpg'),
(168, '84', '499unnamed (19).jpg'),
(169, '85', '818244384278_627339691590031_6784101517945905315_n.jpg'),
(170, '86', '8942939.png'),
(171, '87', '3322938.png'),
(172, '65', '860243506652_597129715066861_8557355510885218126_n.jpg'),
(173, '65', '874new.jpg'),
(174, '61', '384244413222_349345680214188_309791482314874724_n.jpg'),
(175, '61', '661244402557_911068079499927_4985626554708327869_n (1).jpg'),
(176, '61', '851244402557_911068079499927_4985626554708327869_n.jpg'),
(177, '88', '253IMG_0502.JPG'),
(178, '89', '306243664298_3029953493886773_5597281872061485920_n.jpeg'),
(179, '89', '672244598238_298405831746733_2657092281567895549_n.jpeg'),
(180, '89', '262244616081_1166237520448594_6555155703491762820_n.jpeg'),
(181, '89', '794244617744_1160470547811094_7927350361986698136_n.jpeg'),
(182, '89', '108244619897_991191038125154_3435686971020658077_n.jpeg'),
(183, '89', '468244620602_137000795277157_2730211016427821786_n.jpeg'),
(184, '90', '339220839657_989359185131409_7860850047294828201_n.jpg'),
(185, '91', '384244422209_141333734886816_5745287588308586946_n.jpg'),
(186, '92', '8292945.jpg'),
(187, '93', '264244421993_2693524274282013_72783169354307208_n.jpg'),
(188, '94', '804244423430_286168043123001_7005934686223362766_n.jpg'),
(189, '95', '709244577882_924341738432615_6872291763964384086_n.jpg'),
(190, '96', '225b4nwohijcapcunes0axr.jpg'),
(191, '96', '337foho70mcntxvxqdexwjw.jpg'),
(192, '96', '664hyvqt9gce4qrhwciypyr.jpg'),
(193, '96', '615ihkt6whrhnktb4pjudhl.jpg'),
(194, '96', '412jwezvvktum5faloss134.jpg'),
(195, '96', '483lftg5sngtb1furfla6kq.jpg'),
(196, '96', '109msbomfhnayr1883tcwjv.jpg'),
(197, '96', '717pokwczsjjb5h18gqgm5z.jpg'),
(198, '96', '445radqgnum9pz0ccqzife6.jpg'),
(199, '96', '789sgeoaunzz0ebnmkkss9f.jpg'),
(200, '96', '591txavpqkhlqxxnhtwnjex.jpg'),
(201, '97', '789220829404_149960777223995_979711598406278655_n.jpg'),
(202, '97', '241artofjo.pdf'),
(203, '98', '681210510087_1539429779722289_2691008896517107613_n_Fotor.jpg'),
(204, '98', '347244456580_548959472873081_5105984857472931745_n.jpg'),
(205, '98', '892kksboy.pdf'),
(206, '99', '641244469479_2902581113336015_1598950899301455139_n.jpg'),
(207, '100', '160244466883_435600734761368_2036682505796523525_n.jpg'),
(208, '101', '17820210920_121155.jpg'),
(209, '102', '829244467777_1326133807851516_4509263054269565544_n.jpg'),
(210, '102', '302244691604_942571696610171_4933515056530362042_n.jpg'),
(211, '102', '861inst.pdf'),
(212, '103', '479kog.jpg'),
(213, '104', '1960810.png'),
(214, '105', '622Screenshot 2021-10-09 at 1.51.12 AM.png'),
(215, '106', '537244638246_629048528229745_6057710884120753121_n.jpg'),
(216, '106', '240244766402_618065232664474_5554387565248314942_n.jpg'),
(217, '107', '225244988824_1327842534285488_543029595548446120_n.jpg'),
(218, '108', '618242991485_452098779418837_1775316990547211339_n.jpg'),
(219, '109', '891242708332_601088224358467_397032915115461353_n.jpg'),
(220, '110', '672242677811_1277189722730242_989875430482526821_n.jpg'),
(221, '111', '801244681216_397922348409939_5772196148443171673_n.jpg'),
(222, '112', '607244641128_4521427777896568_5646048139650497171_n.jpg'),
(223, '113', '5062949.jpg'),
(224, '114', '374244668751_1200721977079104_136961081826978993_n.jpg'),
(225, '115', '604240465701_129101319391261_6667101796016576753_n.jpg'),
(226, '116', '363244769956_2960762717472437_9171248565082940603_n.jpg'),
(227, '117', '415244969341_1014725869095443_769511824633601818_n.jpg'),
(228, '118', '2212FC6DBE9-EEF1-4771-BDBE-01920CDC6AB1.jpeg'),
(229, '119', '45379C73D98-FD4C-4091-B195-AC0B80C1D4A3.jpeg'),
(230, '120', '174244662411_1507055039644502_3746727853957315415_n.jpg'),
(231, '120', '180244689047_589609775564163_3121115752093903315_n.jpg'),
(239, '122', '135K 1 RA RI N(1) 2.png'),
(240, '122', '875K 1 RA RI N(1) 3.png'),
(241, '122', '109K 1 RA RI N(1) 4.png'),
(242, '122', '527K 1 RA RI N(1) 5.png'),
(243, '122', '618K 1 RA RI N(1) 6.png'),
(244, '122', '742Untitled_Artwork 8 copy.jpg'),
(245, '122', '695Untitled_Artwork 8.jpg'),
(246, '123', '569244269800_200770975380742_4130586547197978668_n.jpg'),
(247, '123', '391244384183_649273209452776_7202486620564089969_n.jpg'),
(248, '124', '257just for reference.jpg'),
(249, '124', '140just for reference2.jpg'),
(250, '124', '831main pose.jpg'),
(251, '125', '218245365490_622132398787424_1855656325385700411_n.jpg'),
(252, '125', '194245379044_1029942597820210_8384675245839535108_n (1).jpg'),
(253, '126', '145244739957_4330627376992546_3657936269888027079_n.jpg'),
(254, '127', '412244763882_584451109544912_4428595067475645917_n.jpg'),
(255, '128', '3232D14D15B-AFAE-4C01-8BC9-A568206A81E1.png'),
(256, '129', '1409885210E-E897-464E-9D1C-11218C9A9B07.png'),
(257, '130', '659inbound7000063142235072839.jpg'),
(258, '131', '449Untitled.png'),
(259, '132', '18911703.png'),
(260, '133', '117244960059_193082059573667_6492120953246316411_n.jpg'),
(261, '134', '331118776972_353700878986577_3412316899105906266_n.jpg'),
(262, '134', '891245006346_4487750038005613_7607922365360958265_n.jpg'),
(263, '135', '756girl.png'),
(264, '136', '6532960.jpg'),
(265, '137', '314244645318_568595354344768_2207866783809675946_n.jpg'),
(266, '138', '421245414082_394930555613348_8614544141824966168_n.jpg'),
(267, '139', '239245414082_394930555613348_8614544141824966168_n.jpg'),
(268, '140', '1582961.jpg'),
(269, '141', '299244793840_824003358265531_2954353991509336296_n.jpg'),
(270, '142', '547244795547_924943465071797_7133306656287180947_n.jpg'),
(271, '143', '479245086000_386990156471203_6369954681909632829_n.jpg'),
(272, '144', '196245294198_193937129527698_4765819927543314351_n.jpg'),
(273, '145', '7954.jpg'),
(274, '145', '3605.jpg'),
(275, '145', '8696.jpg'),
(276, '145', '442243397446_276512797688347_4801437913330666889_n.jpg'),
(277, '145', '708243588375_192798252995600_4818089259635296516_n.jpg'),
(278, '145', '636245365486_246724533963182_2671668472315234061_n.jpg'),
(279, '146', '900245102542_1214285199070985_8223689569009847627_n.jpg'),
(280, '147', '715245354234_951836335688546_2974130372686543719_n.jpg'),
(281, '148', '649245410613_561767035098537_6143848263903963677_n.jpg'),
(282, '149', '172245554164_189287443245340_4080471201622813097_n.jpg'),
(283, '150', '475C75A3627-F01E-48BF-A2E3-DE1B3C31608D.jpeg'),
(284, '151', '203coolcat9623.png'),
(285, '152', '864CKTH_Screensaver_iPhone-02.jpg'),
(286, '153', '128245794276_277684124218785_9059986827619908770_n.jpg'),
(287, '153', '836image_6483441 (2).JPG'),
(288, '154', '803242761457_460714668599356_2866256930789432391_n.jpg'),
(289, '155', '427245843476_571394717528826_4599681463982387543_n.jpg'),
(290, '155', '120Untitled.png'),
(291, '156', '446245609306_589654405807895_6447188641470443360_n.jpg'),
(292, '156', '882245680996_1779730015554605_82994722179102554_n.jpg'),
(293, '156', '782246042991_455783309194527_8712666246498944992_n.jpg'),
(294, '156', '332246138047_1860488660827133_7832484216465484573_n.jpg'),
(295, '156', '479main reference.jpg'),
(296, '157', '685182810243_150382090374768_7337196873481884925_n.jpg'),
(299, '159', '847MURPHYS LAW.pdf'),
(300, '159', '886Untitled.png'),
(301, '160', '194GIMME_CRIKET.pdf'),
(302, '160', '392Untitled.png'),
(303, '161', '594245651518_239845694861097_8436981251910969823_n.jpg'),
(304, '161', '218245673529_599641364801244_6853986133162081085_n.jpg'),
(305, '161', '398245707080_378760753993229_1876560735966162424_n.jpg'),
(306, '161', '687245715543_568293217777662_5146553009436830173_n.jpg'),
(307, '161', '242245802079_1075296476630922_4567647579805896937_n.jpg'),
(308, '161', '528245810501_474413313687879_6105561297484654772_n.jpg'),
(309, '161', '194245904193_281367087177985_546002760949404424_n.jpg'),
(310, '161', '861246017575_242350321198115_2038574428060713091_n.jpg'),
(311, '161', '412246191339_262585912545715_5428313455065355725_n.jpg'),
(312, '161', '449with jacket & goggles.pdf'),
(313, '162', '508245651518_239845694861097_8436981251910969823_n.jpg'),
(314, '162', '838245673529_599641364801244_6853986133162081085_n.jpg'),
(315, '162', '180245707080_378760753993229_1876560735966162424_n.jpg'),
(316, '162', '424245802079_1075296476630922_4567647579805896937_n.jpg'),
(317, '162', '722245810501_474413313687879_6105561297484654772_n.jpg'),
(318, '162', '294245865833_589520475797624_4584478719730089333_n.jpg'),
(319, '162', '162245904193_281367087177985_546002760949404424_n.jpg'),
(320, '162', '622246017575_242350321198115_2038574428060713091_n.jpg'),
(321, '162', '551without jacket.pdf'),
(322, '163', '2026242E1E8-DD07-4278-B67A-F043DD28A1BB.jpeg'),
(323, '164', '321inbound2434042974769049395.jpg'),
(324, '165', '18820211015_144840.jpg'),
(325, '165', '58020211015_144844.jpg'),
(326, '165', '21320211015_144849.jpg'),
(327, '165', '85220211015_144858.jpg'),
(328, '165', '586Notes.txt'),
(329, '165', '81420211015_144906.jpg'),
(330, '165', '29520211015_144909.jpg'),
(331, '165', '52220211015_144917.jpg'),
(332, '165', '52720211015_144940.jpg'),
(333, '165', '58120211015_144946.jpg'),
(334, '165', '19620211015_145015.jpg'),
(335, '165', '23020211015_145018.jpg'),
(336, '165', '84220211015_145030.jpg'),
(337, '165', '36620211015_145032.jpg'),
(338, '165', '47720211015_145040.jpg'),
(339, '165', '78620211015_145043 (1).jpg'),
(340, '165', '31220211015_145043.jpg'),
(341, '165', '74420211015_145053.jpg'),
(342, '165', '22820211015_145108.jpg'),
(343, '165', '75120211015_145121.jpg'),
(344, '165', '66720211015_145136.jpg'),
(345, '166', '4882857.jpg'),
(346, '167', '153Guide to Understand 1.jpg'),
(347, '167', '498Guide to Understand 2.jpg'),
(348, '167', '626RxSkullsFor3D(Vector).pdf'),
(349, '168', '372246428140_468271747734111_4687644438208490309_n.jpg'),
(350, '169', '852245102899_268056901864554_1231668855974067643_n.jpg'),
(351, '170', '656246120647_297107648660622_6787767305391585602_n.jpg'),
(352, '171', '577242218903_871376403584076_4590278013997858116_n.jpg'),
(353, '171', '242242999788_616496482681811_7028040428709227233_n.jpg'),
(354, '172', '155166600292_898368610959186_7722557005076228377_n.jpg'),
(355, '172', '753Untitled-Artwork.jpg'),
(356, '173', '639246856546_562839738138207_7535001488639276345_n.jpg'),
(357, '174', '34064246081_335783220401203_9144144585451776195_n.jpg'),
(358, '174', '213247110120_169828385344847_5741890629068662049_n.jpg'),
(359, '174', '436247147008_892513258046887_6468768128461962623_n.jpg'),
(360, '174', '735247225532_360207919126893_3640925029960140362_n.jpg'),
(361, '174', '108247417615_135290748795054_127283514832071224_n.jpg'),
(362, '174', '880family19.pdf'),
(363, '174', '413guy in red.jpg'),
(364, '174', '799person in black.jpg'),
(365, '175', '346242398011_387977986152786_1950407097836420705_n.jpg'),
(366, '175', '528242405496_189281339978124_3001563003147958501_n.jpg'),
(367, '176', '600247078304_3205568179679575_6088845486433294682_n.jpg'),
(368, '177', '557BAYC.png'),
(369, '178', '361TheScaredyCats_Cali_lazer_02.jpg'),
(370, '179', '786BAYC2.png'),
(371, '180', '187OriginalSwan_Final_VersionLOGOONLY8x10.png'),
(372, '181', '849F0AFE467-3DF9-4939-9851-A26DF2AC306A.png'),
(373, '182', '294Girl-Power-Print_1200-x-1200-web-image_JT-Daniels_2020.jpg'),
(374, '183', '408247432119_1827282447454263_4026494085844279469_n.jpg'),
(375, '184', '456248052858_291406092806519_1422817631511614384_n.jpg'),
(376, '185', '213248984052_628778014811255_433769917014017282_n.jpg'),
(377, '186', '627248325993_254843473325297_6882498004647284033_n.jpg'),
(378, '187', '757249080068_460268532062027_2988996378635082012_n.jpg'),
(379, '187', '600249680795_398578325321667_3085534568189411189_n.jpg'),
(380, '188', '285249256631_997230880824505_505919875344333231_n.jpg'),
(381, '189', '373918EC982-3F23-4CE1-BF67-AD078142B927.jpeg'),
(382, '190', '695IMG_0917.jpg'),
(383, '190', '627IMG_0918.TIF'),
(384, '190', '166IMG_0919.jpg'),
(385, '191', '348example1.JPG'),
(386, '191', '822example2.PNG'),
(387, '191', '857FRONT No Glasses CLEAN and BEARD TRIM FACE1.jpg'),
(388, '191', '640FRONT With Glasses CLEAN and BEARD TRIM FACE1.jpg'),
(389, '191', '650FRONT With Glasses CLEAN and BEARD TRIM FACE2.jpg'),
(390, '191', '656Head No Glasses bacj.jpg'),
(391, '191', '114Head No Glasses front.jpg'),
(392, '191', '612Head No Glasses left.jpg'),
(393, '191', '460Head No Glasses right.jpg'),
(394, '191', '582Head No Glasses top back.jpg'),
(395, '191', '523Head No Glasses top front.jpg'),
(396, '191', '177Head No Glasses upward.jpg'),
(397, '191', '187Head WITH Glasses back.jpg'),
(398, '191', '446Head WITH Glasses front.jpg'),
(399, '191', '452Head WITH Glasses left.jpg'),
(400, '191', '540Head WITH Glasses right.jpg'),
(401, '191', '888Head WITH Glasses top back.jpg'),
(402, '191', '285Head WITH Glasses top.jpg'),
(403, '191', '602Head WITH Glasses upward.jpg'),
(404, '191', '503Rick Ross.JPG'),
(405, '192', '689Screenshot (1).png'),
(406, '0', '7701003.jpg'),
(407, '0', '7411003.jpg'),
(408, '0', '3401003.jpg'),
(409, '0', '50241Z_2106.w009.n001.5B.p8.5.jpg');

-- --------------------------------------------------------

--
-- Table structure for table `srcfiles`
--

CREATE TABLE `srcfiles` (
  `id` int(11) NOT NULL,
  `file` varchar(1000) DEFAULT NULL,
  `project_id` varchar(1000) DEFAULT NULL
) ENGINE=InnoDB DEFAULT CHARSET=utf8mb4;

--
-- Dumping data for table `srcfiles`
--

INSERT INTO `srcfiles` (`id`, `file`, `project_id`) VALUES
(1, 'F7D45F68-7AE8-4C6C-BD5A-DDC461581DA0.png', '1'),
(2, 'Screenshot_2021-09-23-05-40-19-105_com.dropbox.android.jpg', '9'),
(3, 'Screenshot 2021-09-24 at 11.52.12 PM.png', '4'),
(4, 'Mask.rar', '13'),
(5, 'Screenshot_2021-09-25-03-28-54-268_com.google.android.gm.jpg', '25'),
(6, 'Mron_BUG_FINAL.rar', '16'),
(7, 'Mazdatukn Final Files.txt', '10'),
(8, 'IMG_20210925_134040.jpg', '33'),
(9, 'logo.rar', '32'),
(10, '10270_Final.txt', '2'),
(11, 'Screenshot 2021-09-27 at 4.00.00 PM.png', '11'),
(12, 'Ruiz3.ZTL', '6'),
(13, 'willier.ZTL', '6'),
(14, 'Screenshot_2021-09-27-17-00-28-756_com.google.android.gm.jpg', '21'),
(15, 'Screenshot_2021-09-27-17-03-01-207_com.google.android.gm.jpg', '14'),
(16, 'Mron.rar', '15'),
(17, 'stefanzor.ztl', '17'),
(18, 'White_Head_FINAL.rar', '54'),
(19, 'Johnny_4d_FINAL.rar', '42'),
(20, '054.7z', '3'),
(21, 'Screenshot_2021-09-30-02-04-51-835_com.google.android.gm.jpg', '53'),
(22, '2896 TOOL.rar', '43'),
(23, 'HEARTH WITH SHOE TOOL.rar', '50'),
(24, '2900 TOOL.rar', '46'),
(25, '2930 TOOL.rar', '63'),
(26, 'vago_logo.ztl', '56'),
(27, 'Screenshot 2021-10-01 at 6.29.21 PM.png', '5'),
(28, 'Screenshot 2021-10-01 at 6.29.21 PM.png', '55'),
(29, 'Screenshot 2021-10-01 at 6.29.21 PM.png', '47'),
(30, 'Screenshot 2021-10-01 at 6.29.21 PM.png', '31'),
(31, 'Screenshot 2021-10-01 at 6.29.21 PM.png', '12'),
(32, 'Jwaldern_FINAL.txt', '19'),
(33, 'FarmBoutique02_Final.txt', '27'),
(34, '2933.ZTL', '64'),
(35, 'Screenshot_2021-10-02-02-18-26-819_com.google.android.gm.jpg', '59'),
(36, 'CHARACTER.rar', '36'),
(37, 'CHARACTER.rar', '52'),
(38, 'tire.rar', '70'),
(39, 'Screenshot_2021-10-03-01-19-20-594_com.google.android.gm.jpg', '24'),
(40, '3.rar', '51'),
(41, 'Skinny Tree.stl', '49'),
(42, 'Screenshot_2021-10-06-02-24-42-173_com.google.android.gm.jpg', '79'),
(43, 'jay_art_Downloadfiles.txt', '62'),
(44, 'smoothcharacter.7z', '61'),
(45, 'Imtamdeer.jpg', '29'),
(46, 'Productionst.jpg', '75'),
(47, '2932.jpg', '68'),
(48, 'Parsongirl.jpg', '58'),
(49, 'Graterolj_FINAL.txt', '48'),
(50, 'Baezor78_File_Link.txt', '40'),
(51, 'Alnomad_File_Link.txt', '69'),
(52, '22.jpg', '98'),
(53, 'Basementbud_File_Link.txt', '90'),
(54, 'Persp.png', '105'),
(55, 'Neilsecond ztl.txt', '94'),
(56, 'Screenshot_2021-10-11-02-23-57-054_com.google.android.gm.jpg', '117'),
(57, 'Screenshot_2021-10-11-01-03-44-371_com.android.systemui.jpg', '65'),
(58, 'mazim007.7z', '81'),
(59, 'Screenshot_2021-10-12-05-13-03-065_com.google.android.gm.jpg', '93'),
(60, 'Screenshot_2021-10-12-05-13-03-065_com.google.android.gm.jpg', '93'),
(61, '2950.jpg', '119'),
(62, 'Designofking.jpg', '103'),
(63, '3.jpg', '120'),
(64, 'rvsd.jpg', '88'),
(65, 'TURBAN13.stl', '76'),
(66, 'Screenshot_2021-10-14-20-36-22-936_com.android.chrome.jpg', '95'),
(67, 'Screenshot_2021-10-16-04-06-23-313_com.google.android.gm.jpg', '116'),
(68, 'Screenshot_2021-10-16-04-09-14-521_com.google.android.gm.jpg', '135'),
(69, '2893_FINAL.txt', '35'),
(70, 'webb05d2e.ztl', '139'),
(71, 'webb05d2e1.txt', '139'),
(72, 'stefansno4 download files.txt', '127'),
(73, 'Screenshot_2021-10-18-04-56-21-678_com.google.android.gm.jpg', '113'),
(74, '02.jpg', '151'),
(75, '02.jpg', '149'),
(76, '02.jpg', '128'),
(77, '02.jpg', '106'),
(78, '02.jpg', '110'),
(79, '01.jpg', '107'),
(80, '02.jpg', '83'),
(81, '01.jpg', '82'),
(82, '02.jpg', '67'),
(83, '01.jpg', '60'),
(84, '01.jpg', '30'),
(85, '02.jpg', '38'),
(86, '01.jpg', '26'),
(87, '02.jpg', '18'),
(88, '', '108'),
(89, 'Dixonva_FINAL.txt', '109'),
(90, '2938download file.txt', '87'),
(91, 'rashadface final.stl', '100'),
(92, '2951_DownloadFiles.txt', '118'),
(93, '01.jpg', '8'),
(94, 'boneco.rar', '89'),
(95, 'foryoucap2_DOWNLOAD_FILES.txt', '99'),
(96, '2956_File_Link.txt', '132'),
(97, '01.jpg', '101'),
(98, 'rodneyslogo_download_files.txt', '111'),
(99, 'Screenshot_2021-10-21-03-40-29-126_com.google.android.gm.jpg', '96'),
(100, 'Screenshot_2021-10-21-04-03-59-031_com.google.android.gm.jpg', '130'),
(101, 'Screenshot_2021-10-21-04-14-32-099_com.google.android.gm.jpg', '92'),
(102, 'coração.rar', '104'),
(103, 'Lionflance_FINAL.txt', '145'),
(104, '2961_File_Link.txt', '140'),
(105, 'Doomun_File_Link.txt', '73'),
(106, '2973_File_Link.txt', '170'),
(107, '04.jpg', '146'),
(108, '02.jpg', '147'),
(109, '02.jpg', '148'),
(110, 'Rosas1_File_Link.txt', '141'),
(111, 'Rosas2_File_Link.txt', '142'),
(112, 'Screenshot_2021-10-25-04-21-40-145_com.google.android.gm.jpg', '144'),
(113, 'Screenshot_2021-10-25-04-25-13-415_com.android.systemui.jpg', '112'),
(114, '2962_download_link.txt', '150'),
(115, 'Webb05d_File_Link.txt', '138'),
(116, 'Ibarra3_FINAL.txt', '171'),
(117, '2963.txt', '152'),
(118, 'withoutjacket.ZTL', '162'),
(119, 'Screenshot 2021-10-15 at 2.14.24 PM.png', '121'),
(120, '4.jpg', '28'),
(121, '3.jpg', '20'),
(122, 'Lion.blend', '45'),
(123, 'chrisrunner_Download_File.txt', '137'),
(124, 'mickeyofsteve_download_File.txt', '133'),
(125, '2960_File_Link.txt', '136'),
(126, 'Ericskeleton_File_Link.txt', '167'),
(127, 'rosas3 final.stl', '143'),
(128, 'Herringsangle_File_Link.txt', '175'),
(129, 'Cowano_FINAL.txt', '78'),
(130, 'BPR_Composite.jpg', '71'),
(131, 'revision.jpg', '80'),
(132, 'revision.jpg', '97'),
(133, '1.jpg', '115'),
(134, '11.jpg', '157'),
(135, '6.jpg', '125'),
(136, 'REVISION1.jpg', '126'),
(137, 'rev5.jpg', '122'),
(138, '03.jpg', '183');

-- --------------------------------------------------------

--
-- Table structure for table `timer`
--

CREATE TABLE `timer` (
  `id` int(11) NOT NULL,
  `project_id` varchar(1000) DEFAULT NULL
) ENGINE=InnoDB DEFAULT CHARSET=utf8mb4;

--
-- Dumping data for table `timer`
--

INSERT INTO `timer` (`id`, `project_id`) VALUES
(1, '9'),
(2, '6'),
(3, '3'),
(4, '13'),
(5, '15'),
(6, '36'),
(7, '41'),
(8, '23'),
(9, '39'),
(10, '45'),
(11, '52'),
(12, '51'),
(13, '40'),
(14, '57'),
(15, '61'),
(16, '62'),
(17, '73'),
(18, '74'),
(19, '35'),
(20, '81'),
(21, '89'),
(22, '90'),
(23, '91'),
(24, '88'),
(25, '99'),
(26, '129'),
(27, '140'),
(28, '154'),
(29, '145'),
(30, '133'),
(31, '138'),
(32, '167'),
(33, '164'),
(34, '155'),
(35, '173'),
(36, '177'),
(37, '156');

--
-- Indexes for dumped tables
--

--
-- Indexes for table `accounts`
--
ALTER TABLE `accounts`
  ADD PRIMARY KEY (`user_id`);

--
-- Indexes for table `forgot`
--
ALTER TABLE `forgot`
  ADD PRIMARY KEY (`id`);

--
-- Indexes for table `orders`
--
ALTER TABLE `orders`
  ADD PRIMARY KEY (`id`);

--
-- Indexes for table `payment`
--
ALTER TABLE `payment`
  ADD PRIMARY KEY (`id`),
  ADD KEY `test` (`user_id`(768));

--
-- Indexes for table `projectchat`
--
ALTER TABLE `projectchat`
  ADD PRIMARY KEY (`id`);

--
-- Indexes for table `projects`
--
ALTER TABLE `projects`
  ADD PRIMARY KEY (`id`),
  ADD KEY `test` (`user_type`(768));

--
-- Indexes for table `project_image`
--
ALTER TABLE `project_image`
  ADD PRIMARY KEY (`id`);

--
-- Indexes for table `srcfiles`
--
ALTER TABLE `srcfiles`
  ADD PRIMARY KEY (`id`);

--
-- Indexes for table `timer`
--
ALTER TABLE `timer`
  ADD PRIMARY KEY (`id`);

--
-- AUTO_INCREMENT for dumped tables
--

--
-- AUTO_INCREMENT for table `accounts`
--
ALTER TABLE `accounts`
  MODIFY `user_id` int(11) NOT NULL AUTO_INCREMENT, AUTO_INCREMENT=51;

--
-- AUTO_INCREMENT for table `forgot`
--
ALTER TABLE `forgot`
  MODIFY `id` int(11) NOT NULL AUTO_INCREMENT;

--
-- AUTO_INCREMENT for table `orders`
--
ALTER TABLE `orders`
  MODIFY `id` int(11) NOT NULL AUTO_INCREMENT, AUTO_INCREMENT=188;

--
-- AUTO_INCREMENT for table `payment`
--
ALTER TABLE `payment`
  MODIFY `id` int(11) NOT NULL AUTO_INCREMENT, AUTO_INCREMENT=2;

--
-- AUTO_INCREMENT for table `projectchat`
--
ALTER TABLE `projectchat`
  MODIFY `id` int(11) NOT NULL AUTO_INCREMENT, AUTO_INCREMENT=1511;

--
-- AUTO_INCREMENT for table `projects`
--
ALTER TABLE `projects`
  MODIFY `id` int(11) NOT NULL AUTO_INCREMENT, AUTO_INCREMENT=193;

--
-- AUTO_INCREMENT for table `project_image`
--
ALTER TABLE `project_image`
  MODIFY `id` int(11) NOT NULL AUTO_INCREMENT, AUTO_INCREMENT=410;

--
-- AUTO_INCREMENT for table `srcfiles`
--
ALTER TABLE `srcfiles`
  MODIFY `id` int(11) NOT NULL AUTO_INCREMENT, AUTO_INCREMENT=139;

--
-- AUTO_INCREMENT for table `timer`
--
ALTER TABLE `timer`
  MODIFY `id` int(11) NOT NULL AUTO_INCREMENT, AUTO_INCREMENT=38;
COMMIT;

/*!40101 SET CHARACTER_SET_CLIENT=@OLD_CHARACTER_SET_CLIENT */;
/*!40101 SET CHARACTER_SET_RESULTS=@OLD_CHARACTER_SET_RESULTS */;
/*!40101 SET COLLATION_CONNECTION=@OLD_COLLATION_CONNECTION */;
